accession,site_start,eight_mer,p1_offset,model_score,source_isoform,source_id
Q8N104,8,FAVLFFLT,4,0.9178,,sp|Q8N104|D106A_HUMAN|window_7
Q8N104,7,LFAVLFFL,4,0.9154,,sp|Q8N104|D106A_HUMAN|window_6
Q8N104,9,AVLFFLTP,4,0.9089,,sp|Q8N104|D106A_HUMAN|window_8
Q8N104,6,FLFAVLFF,4,0.8951,,sp|Q8N104|D106A_HUMAN|window_5
Q8N104,33,CKNNCGKN,4,0.893,,sp|Q8N104|D106A_HUMAN|window_32
Q8N104,10,VLFFLTPA,4,0.8862,,sp|Q8N104|D106A_HUMAN|window_9
Q8N104,4,FLFLFAVL,4,0.8855,,sp|Q8N104|D106A_HUMAN|window_3
Q8N104,32,TCKNNCGK,4,0.8848,,sp|Q8N104|D106A_HUMAN|window_31
Q8N104,5,LFLFAVLF,4,0.8847,,sp|Q8N104|D106A_HUMAN|window_4
Q8N104,34,KNNCGKNE,4,0.8689,,sp|Q8N104|D106A_HUMAN|window_33
Q8N104,17,AKNAFFDE,4,0.8451,,sp|Q8N104|D106A_HUMAN|window_16
Q8N104,3,TFLFLFAV,4,0.8331,,sp|Q8N104|D106A_HUMAN|window_2
Q8N104,16,PAKNAFFD,4,0.8317,,sp|Q8N104|D106A_HUMAN|window_15
Q8N104,2,RTFLFLFA,4,0.8275,,sp|Q8N104|D106A_HUMAN|window_1
Q8N104,31,GTCKNNCG,4,0.8112,,sp|Q8N104|D106A_HUMAN|window_30
Q8N104,1,MRTFLFLF,4,0.8098,,sp|Q8N104|D106A_HUMAN|window_0
Q8N104,35,NNCGKNEE,4,0.8061,,sp|Q8N104|D106A_HUMAN|window_34
Q8N104,18,KNAFFDEK,4,0.8027,,sp|Q8N104|D106A_HUMAN|window_17
Q5J5C9,10,VTLLLAQV,4,0.8933,,sp|Q5J5C9|DB121_HUMAN|window_9
Q5J5C9,30,CRTTCKES,4,0.882,,sp|Q5J5C9|DB121_HUMAN|window_29
Q5J5C9,12,LLLAQVTP,4,0.8703,,sp|Q5J5C9|DB121_HUMAN|window_11
Q5J5C9,11,TLLLAQVT,4,0.8667,,sp|Q5J5C9|DB121_HUMAN|window_10
Q5J5C9,59,VKPKLTDT,4,0.8657,,sp|Q5J5C9|DB121_HUMAN|window_58
Q5J5C9,9,TVTLLLAQ,4,0.864,,sp|Q5J5C9|DB121_HUMAN|window_8
Q5J5C9,29,RCRTTCKE,4,0.8584,,sp|Q5J5C9|DB121_HUMAN|window_28
Q5J5C9,2,KLLLLLLT,4,0.8445,,sp|Q5J5C9|DB121_HUMAN|window_1
Q5J5C9,60,KPKLTDTN,4,0.8416,,sp|Q5J5C9|DB121_HUMAN|window_59
Q5J5C9,13,LLAQVTPV,4,0.8345,,sp|Q5J5C9|DB121_HUMAN|window_12
Q5J5C9,31,RTTCKESE,4,0.8323,,sp|Q5J5C9|DB121_HUMAN|window_30
Q5J5C9,28,GRCRTTCK,4,0.8267,,sp|Q5J5C9|DB121_HUMAN|window_27
Q5J5C9,3,LLLLLLTV,4,0.8254,,sp|Q5J5C9|DB121_HUMAN|window_2
Q5J5C9,61,PKLTDTNT,4,0.8238,,sp|Q5J5C9|DB121_HUMAN|window_60
Q5J5C9,58,PVKPKLTD,4,0.8196,,sp|Q5J5C9|DB121_HUMAN|window_57
Q5J5C9,63,LTDTNTSL,4,0.8179,,sp|Q5J5C9|DB121_HUMAN|window_62
Q5J5C9,1,MKLLLLLL,4,0.8144,,sp|Q5J5C9|DB121_HUMAN|window_0
Q5J5C9,7,LLTVTLLL,4,0.8039,,sp|Q5J5C9|DB121_HUMAN|window_6
Q5J5C9,62,KLTDTNTS,4,0.8021,,sp|Q5J5C9|DB121_HUMAN|window_61
Q6PDA7,53,LLRHAVKR,4,0.9324,,sp|Q6PDA7|SG11A_HUMAN|window_52
Q6PDA7,57,AVKRDLLP,4,0.9322,,sp|Q6PDA7|SG11A_HUMAN|window_56
Q6PDA7,15,VALLFPGS,4,0.9296,,sp|Q6PDA7|SG11A_HUMAN|window_14
Q6PDA7,55,RHAVKRDL,4,0.9281,,sp|Q6PDA7|SG11A_HUMAN|window_54
Q6PDA7,56,HAVKRDLL,4,0.9271,,sp|Q6PDA7|SG11A_HUMAN|window_55
Q6PDA7,51,FQLLRHAV,4,0.9241,,sp|Q6PDA7|SG11A_HUMAN|window_50
Q6PDA7,14,LVALLFPG,4,0.9218,,sp|Q6PDA7|SG11A_HUMAN|window_13
Q6PDA7,13,LLVALLFP,4,0.9137,,sp|Q6PDA7|SG11A_HUMAN|window_12
Q6PDA7,50,GFQLLRHA,4,0.9087,,sp|Q6PDA7|SG11A_HUMAN|window_49
Q6PDA7,54,LRHAVKRD,4,0.9075,,sp|Q6PDA7|SG11A_HUMAN|window_53
Q6PDA7,12,LLLVALLF,4,0.9071,,sp|Q6PDA7|SG11A_HUMAN|window_11
Q6PDA7,52,QLLRHAVK,4,0.9054,,sp|Q6PDA7|SG11A_HUMAN|window_51
Q6PDA7,16,ALLFPGSS,4,0.8992,,sp|Q6PDA7|SG11A_HUMAN|window_15
Q6PDA7,11,SLLLVALL,4,0.8974,,sp|Q6PDA7|SG11A_HUMAN|window_10
Q6PDA7,49,NGFQLLRH,4,0.8872,,sp|Q6PDA7|SG11A_HUMAN|window_48
Q6PDA7,58,VKRDLLPP,4,0.8852,,sp|Q6PDA7|SG11A_HUMAN|window_57
Q6PDA7,26,RHVNHSAT,4,0.8851,,sp|Q6PDA7|SG11A_HUMAN|window_25
Q6PDA7,32,ATEALGEL,4,0.8724,,sp|Q6PDA7|SG11A_HUMAN|window_31
Q6PDA7,33,TEALGELR,4,0.8716,,sp|Q6PDA7|SG11A_HUMAN|window_32
Q6PDA7,25,ARHVNHSA,4,0.8682,,sp|Q6PDA7|SG11A_HUMAN|window_24
Q6PDA7,27,HVNHSATE,4,0.8638,,sp|Q6PDA7|SG11A_HUMAN|window_26
Q6PDA7,24,QARHVNHS,4,0.8607,,sp|Q6PDA7|SG11A_HUMAN|window_23
Q6PDA7,35,ALGELRER,4,0.8561,,sp|Q6PDA7|SG11A_HUMAN|window_34
Q6PDA7,34,EALGELRE,4,0.848,,sp|Q6PDA7|SG11A_HUMAN|window_33
Q6PDA7,36,LGELRERA,4,0.8476,,sp|Q6PDA7|SG11A_HUMAN|window_35
Q6PDA7,48,TNGFQLLR,4,0.8445,,sp|Q6PDA7|SG11A_HUMAN|window_47
Q6PDA7,115,LQTFFLPF,4,0.8408,,sp|Q6PDA7|SG11A_HUMAN|window_114
Q6PDA7,10,TSLLLVAL,4,0.8384,,sp|Q6PDA7|SG11A_HUMAN|window_9
Q6PDA7,17,LLFPGSSQ,4,0.8361,,sp|Q6PDA7|SG11A_HUMAN|window_16
Q6PDA7,23,SQARHVNH,4,0.8335,,sp|Q6PDA7|SG11A_HUMAN|window_22
Q6PDA7,31,SATEALGE,4,0.8333,,sp|Q6PDA7|SG11A_HUMAN|window_30
Q6PDA7,28,VNHSATEA,4,0.8296,,sp|Q6PDA7|SG11A_HUMAN|window_27
Q6PDA7,30,HSATEALG,4,0.8278,,sp|Q6PDA7|SG11A_HUMAN|window_29
Q6PDA7,5,LLPSVTSL,4,0.8217,,sp|Q6PDA7|SG11A_HUMAN|window_4
Q6PDA7,37,GELRERAP,4,0.8179,,sp|Q6PDA7|SG11A_HUMAN|window_36
Q6PDA7,18,LFPGSSQA,4,0.8143,,sp|Q6PDA7|SG11A_HUMAN|window_17
Q6PDA7,38,ELRERAPG,4,0.8131,,sp|Q6PDA7|SG11A_HUMAN|window_37
Q7Z7B8,84,ILPTITIF,4,0.8796,,sp|Q7Z7B8|DB128_HUMAN|window_83
Q7Z7B8,85,LPTITIFT,4,0.8781,,sp|Q7Z7B8|DB128_HUMAN|window_84
Q7Z7B8,86,PTITIFTV,4,0.8771,,sp|Q7Z7B8|DB128_HUMAN|window_85
Q7Z7B8,78,VLQDYIIL,4,0.8763,,sp|Q7Z7B8|DB128_HUMAN|window_77
Q7Z7B8,75,KLSVLQDY,4,0.8696,,sp|Q7Z7B8|DB128_HUMAN|window_74
Q7Z7B8,76,LSVLQDYI,4,0.857,,sp|Q7Z7B8|DB128_HUMAN|window_75
Q7Z7B8,77,SVLQDYII,4,0.8453,,sp|Q7Z7B8|DB128_HUMAN|window_76
Q7Z7B8,30,GYCRKKCK,4,0.8434,,sp|Q7Z7B8|DB128_HUMAN|window_29
Q7Z7B8,31,YCRKKCKV,4,0.8357,,sp|Q7Z7B8|DB128_HUMAN|window_30
Q7Z7B8,61,KHVSFKKP,4,0.828,,sp|Q7Z7B8|DB128_HUMAN|window_60
Q7Z7B8,60,KKHVSFKK,4,0.8254,,sp|Q7Z7B8|DB128_HUMAN|window_59
Q7Z7B8,83,IILPTITI,4,0.824,,sp|Q7Z7B8|DB128_HUMAN|window_82
Q7Z7B8,59,EKKHVSFK,4,0.8178,,sp|Q7Z7B8|DB128_HUMAN|window_58
Q7Z7B8,9,ILLFEVLT,4,0.8135,,sp|Q7Z7B8|DB128_HUMAN|window_8
Q7Z7B8,74,EKLSVLQD,4,0.8106,,sp|Q7Z7B8|DB128_HUMAN|window_73
Q7Z7B8,29,TGYCRKKC,4,0.8018,,sp|Q7Z7B8|DB128_HUMAN|window_28
Q7Z7B8,32,CRKKCKVG,4,0.8017,,sp|Q7Z7B8|DB128_HUMAN|window_31
Q96PH6,63,RRVPATSP,4,0.9254,,sp|Q96PH6|DB118_HUMAN|window_62
Q96PH6,85,LTVRFTTD,4,0.9131,,sp|Q96PH6|DB118_HUMAN|window_84
Q96PH6,64,RVPATSPT,4,0.8971,,sp|Q96PH6|DB118_HUMAN|window_63
Q96PH6,84,ILTVRFTT,4,0.8969,,sp|Q96PH6|DB118_HUMAN|window_83
Q96PH6,87,VRFTTDYF,4,0.8954,,sp|Q96PH6|DB118_HUMAN|window_86
Q96PH6,86,TVRFTTDY,4,0.8951,,sp|Q96PH6|DB118_HUMAN|window_85
Q96PH6,62,HRRVPATS,4,0.8844,,sp|Q96PH6|DB118_HUMAN|window_61
Q96PH6,70,PTPLSDST,4,0.884,,sp|Q96PH6|DB118_HUMAN|window_69
Q96PH6,61,DHRRVPAT,4,0.8838,,sp|Q96PH6|DB118_HUMAN|window_60
Q96PH6,72,PLSDSTPG,4,0.8808,,sp|Q96PH6|DB118_HUMAN|window_71
Q96PH6,89,FTTDYFEV,4,0.874,,sp|Q96PH6|DB118_HUMAN|window_88
Q96PH6,92,DYFEVSSK,4,0.8739,,sp|Q96PH6|DB118_HUMAN|window_91
Q96PH6,65,VPATSPTP,4,0.8733,,sp|Q96PH6|DB118_HUMAN|window_64
Q96PH6,83,DILTVRFT,4,0.8732,,sp|Q96PH6|DB118_HUMAN|window_82
Q96PH6,88,RFTTDYFE,4,0.8704,,sp|Q96PH6|DB118_HUMAN|window_87
Q96PH6,93,YFEVSSKK,4,0.8683,,sp|Q96PH6|DB118_HUMAN|window_92
Q96PH6,9,PMLVLLPQ,4,0.866,,sp|Q96PH6|DB118_HUMAN|window_8
Q96PH6,71,TPLSDSTP,4,0.8612,,sp|Q96PH6|DB118_HUMAN|window_70
Q96PH6,94,FEVSSKKD,4,0.8594,,sp|Q96PH6|DB118_HUMAN|window_93
Q96PH6,34,CRKQCKDG,4,0.8587,,sp|Q96PH6|DB118_HUMAN|window_33
Q96PH6,3,LLLLALPM,4,0.8562,,sp|Q96PH6|DB118_HUMAN|window_2
Q96PH6,91,TDYFEVSS,4,0.8519,,sp|Q96PH6|DB118_HUMAN|window_90
Q96PH6,33,HCRKQCKD,4,0.8495,,sp|Q96PH6|DB118_HUMAN|window_32
Q96PH6,96,VSSKKDMV,4,0.8485,,sp|Q96PH6|DB118_HUMAN|window_95
Q96PH6,7,ALPMLVLL,4,0.8453,,sp|Q96PH6|DB118_HUMAN|window_6
Q96PH6,80,IIDDILTV,4,0.8372,,sp|Q96PH6|DB118_HUMAN|window_79
Q96PH6,8,LPMLVLLP,4,0.8371,,sp|Q96PH6|DB118_HUMAN|window_7
Q96PH6,82,DDILTVRF,4,0.8343,,sp|Q96PH6|DB118_HUMAN|window_81
Q96PH6,1,MKLLLLAL,4,0.8326,,sp|Q96PH6|DB118_HUMAN|window_0
Q96PH6,81,IDDILTVR,4,0.8291,,sp|Q96PH6|DB118_HUMAN|window_80
Q96PH6,90,TTDYFEVS,4,0.8291,,sp|Q96PH6|DB118_HUMAN|window_89
Q96PH6,2,KLLLLALP,4,0.8282,,sp|Q96PH6|DB118_HUMAN|window_1
Q96PH6,4,LLLALPML,4,0.8282,,sp|Q96PH6|DB118_HUMAN|window_3
Q96PH6,69,SPTPLSDS,4,0.8218,,sp|Q96PH6|DB118_HUMAN|window_68
Q96PH6,60,EDHRRVPA,4,0.8207,,sp|Q96PH6|DB118_HUMAN|window_59
Q96PH6,95,EVSSKKDM,4,0.8199,,sp|Q96PH6|DB118_HUMAN|window_94
Q96PH6,79,GIIDDILT,4,0.8106,,sp|Q96PH6|DB118_HUMAN|window_78
Q96PH6,5,LLALPMLV,4,0.808,,sp|Q96PH6|DB118_HUMAN|window_4
Q96PH6,66,PATSPTPL,4,0.8031,,sp|Q96PH6|DB118_HUMAN|window_65
Q96PH6,73,LSDSTPGI,4,0.8005,,sp|Q96PH6|DB118_HUMAN|window_72
Q8IZN7,41,CEAECLTF,4,0.9159,,sp|Q8IZN7|D107A_HUMAN|window_40
Q8IZN7,40,HCEAECLT,4,0.9122,,sp|Q8IZN7|D107A_HUMAN|window_39
Q8IZN7,32,LISKRMEG,4,0.905,,sp|Q8IZN7|D107A_HUMAN|window_31
Q8IZN7,27,AIHRALIS,4,0.8948,,sp|Q8IZN7|D107A_HUMAN|window_26
Q8IZN7,28,IHRALISK,4,0.8898,,sp|Q8IZN7|D107A_HUMAN|window_27
Q8IZN7,33,ISKRMEGH,4,0.8841,,sp|Q8IZN7|D107A_HUMAN|window_32
Q8IZN7,39,GHCEAECL,4,0.8835,,sp|Q8IZN7|D107A_HUMAN|window_38
Q8IZN7,29,HRALISKR,4,0.8768,,sp|Q8IZN7|D107A_HUMAN|window_28
Q8IZN7,26,TAIHRALI,4,0.875,,sp|Q8IZN7|D107A_HUMAN|window_25
Q8IZN7,25,RTAIHRAL,4,0.8745,,sp|Q8IZN7|D107A_HUMAN|window_24
Q8IZN7,31,ALISKRME,4,0.8665,,sp|Q8IZN7|D107A_HUMAN|window_30
Q8IZN7,17,LLAQIFQA,4,0.8537,,sp|Q8IZN7|D107A_HUMAN|window_16
Q8IZN7,15,LILLAQIF,4,0.8533,,sp|Q8IZN7|D107A_HUMAN|window_14
Q8IZN7,14,ALILLAQI,4,0.8531,,sp|Q8IZN7|D107A_HUMAN|window_13
Q8IZN7,34,SKRMEGHC,4,0.8529,,sp|Q8IZN7|D107A_HUMAN|window_33
Q8IZN7,30,RALISKRM,4,0.8502,,sp|Q8IZN7|D107A_HUMAN|window_29
Q8IZN7,20,QIFQARTA,4,0.8435,,sp|Q8IZN7|D107A_HUMAN|window_19
Q8IZN7,24,ARTAIHRA,4,0.843,,sp|Q8IZN7|D107A_HUMAN|window_23
Q8IZN7,16,ILLAQIFQ,4,0.8424,,sp|Q8IZN7|D107A_HUMAN|window_15
Q8IZN7,13,AALILLAQ,4,0.8312,,sp|Q8IZN7|D107A_HUMAN|window_12
Q8IZN7,18,LAQIFQAR,4,0.8311,,sp|Q8IZN7|D107A_HUMAN|window_17
Q8IZN7,42,EAECLTFE,4,0.8206,,sp|Q8IZN7|D107A_HUMAN|window_41
Q8IZN7,35,KRMEGHCE,4,0.8199,,sp|Q8IZN7|D107A_HUMAN|window_34
Q8IZN7,19,AQIFQART,4,0.8193,,sp|Q8IZN7|D107A_HUMAN|window_18
Q8IZN7,12,LAALILLA,4,0.8049,,sp|Q8IZN7|D107A_HUMAN|window_11
Q8IZN7,4,AMKIFVFI,4,0.8039,,sp|Q8IZN7|D107A_HUMAN|window_3
Q8IZN7,5,MKIFVFIL,4,0.8034,,sp|Q8IZN7|D107A_HUMAN|window_4
Q8IZN7,38,EGHCEAEC,4,0.8031,,sp|Q8IZN7|D107A_HUMAN|window_37
Q30KQ9,11,HFWVTILP,4,0.8815,,sp|Q30KQ9|DB110_HUMAN|window_10
Q30KQ9,10,LHFWVTIL,4,0.881,,sp|Q30KQ9|DB110_HUMAN|window_9
Q30KQ9,42,CKNQCHEN,4,0.8711,,sp|Q30KQ9|DB110_HUMAN|window_41
Q30KQ9,16,ILPAKKKY,4,0.869,,sp|Q30KQ9|DB110_HUMAN|window_15
Q30KQ9,17,LPAKKKYP,4,0.8689,,sp|Q30KQ9|DB110_HUMAN|window_16
Q30KQ9,12,FWVTILPA,4,0.866,,sp|Q30KQ9|DB110_HUMAN|window_11
Q30KQ9,18,PAKKKYPE,4,0.8625,,sp|Q30KQ9|DB110_HUMAN|window_17
Q30KQ9,19,AKKKYPEY,4,0.8528,,sp|Q30KQ9|DB110_HUMAN|window_18
Q30KQ9,41,QCKNQCHE,4,0.8489,,sp|Q30KQ9|DB110_HUMAN|window_40
Q30KQ9,8,FILHFWVT,4,0.8477,,sp|Q30KQ9|DB110_HUMAN|window_7
Q30KQ9,22,KYPEYGSL,4,0.8397,,sp|Q30KQ9|DB110_HUMAN|window_21
Q30KQ9,9,ILHFWVTI,4,0.8391,,sp|Q30KQ9|DB110_HUMAN|window_8
Q30KQ9,15,TILPAKKK,4,0.8309,,sp|Q30KQ9|DB110_HUMAN|window_14
Q30KQ9,7,FFILHFWV,4,0.8217,,sp|Q30KQ9|DB110_HUMAN|window_6
Q30KQ9,23,YPEYGSLD,4,0.8201,,sp|Q30KQ9|DB110_HUMAN|window_22
Q30KQ9,26,YGSLDLRR,4,0.8149,,sp|Q30KQ9|DB110_HUMAN|window_25
Q30KQ9,25,EYGSLDLR,4,0.8147,,sp|Q30KQ9|DB110_HUMAN|window_24
Q30KQ9,40,GQCKNQCH,4,0.8044,,sp|Q30KQ9|DB110_HUMAN|window_39
Q8NG35,27,AGLDFSQP,4,0.9231,,sp|Q8NG35|D105A_HUMAN|window_26
Q8NG35,53,CRKECLEN,4,0.9053,,sp|Q8NG35|D105A_HUMAN|window_52
Q8NG35,14,MFFILVQL,4,0.8932,,sp|Q8NG35|D105A_HUMAN|window_13
Q8NG35,52,KCRKECLE,4,0.8913,,sp|Q8NG35|D105A_HUMAN|window_51
Q8NG35,13,AMFFILVQ,4,0.8906,,sp|Q8NG35|D105A_HUMAN|window_12
Q8NG35,28,GLDFSQPF,4,0.888,,sp|Q8NG35|D105A_HUMAN|window_27
Q8NG35,29,LDFSQPFP,4,0.8878,,sp|Q8NG35|D105A_HUMAN|window_28
Q8NG35,26,QAGLDFSQ,4,0.8862,,sp|Q8NG35|D105A_HUMAN|window_25
Q8NG35,15,FFILVQLP,4,0.8728,,sp|Q8NG35|D105A_HUMAN|window_14
Q8NG35,16,FILVQLPS,4,0.8724,,sp|Q8NG35|D105A_HUMAN|window_15
Q8NG35,25,CQAGLDFS,4,0.8685,,sp|Q8NG35|D105A_HUMAN|window_24
Q8NG35,12,FAMFFILV,4,0.8622,,sp|Q8NG35|D105A_HUMAN|window_11
Q8NG35,24,GCQAGLDF,4,0.8565,,sp|Q8NG35|D105A_HUMAN|window_23
Q8NG35,54,RKECLENE,4,0.8483,,sp|Q8NG35|D105A_HUMAN|window_53
Q8NG35,17,ILVQLPSG,4,0.8419,,sp|Q8NG35|D105A_HUMAN|window_16
Q8NG35,30,DFSQPFPS,4,0.8385,,sp|Q8NG35|D105A_HUMAN|window_29
Q8NG35,11,LFAMFFIL,4,0.8378,,sp|Q8NG35|D105A_HUMAN|window_10
Q8NG35,51,GKCRKECL,4,0.8292,,sp|Q8NG35|D105A_HUMAN|window_50
Q8NG35,23,SGCQAGLD,4,0.8223,,sp|Q8NG35|D105A_HUMAN|window_22
Q8NG35,19,VQLPSGCQ,4,0.8141,,sp|Q8NG35|D105A_HUMAN|window_18
Q8NG35,34,PFPSGEFA,4,0.8065,,sp|Q8NG35|D105A_HUMAN|window_33
Q8NG35,18,LVQLPSGC,4,0.8,,sp|Q8NG35|D105A_HUMAN|window_17
Q08648,15,VALLFPGS,4,0.9094,,sp|Q08648|SG11B_HUMAN|window_14
Q08648,13,LLVALLFP,4,0.9076,,sp|Q08648|SG11B_HUMAN|window_12
Q08648,14,LVALLFPG,4,0.8942,,sp|Q08648|SG11B_HUMAN|window_13
Q08648,12,LLLVALLF,4,0.8908,,sp|Q08648|SG11B_HUMAN|window_11
Q08648,11,SLLLVALL,4,0.8869,,sp|Q08648|SG11B_HUMAN|window_10
Q08648,10,TSLLLVAL,4,0.8486,,sp|Q08648|SG11B_HUMAN|window_9
Q08648,16,ALLFPGSS,4,0.8469,,sp|Q08648|SG11B_HUMAN|window_15
Q08648,57,AVKRDLLP,4,0.8397,,sp|Q08648|SG11B_HUMAN|window_56
Q08648,5,LLPSVTSL,4,0.8272,,sp|Q08648|SG11B_HUMAN|window_4
Q08648,56,HAVKRDLL,4,0.8269,,sp|Q08648|SG11B_HUMAN|window_55
Q08648,55,RHAVKRDL,4,0.8251,,sp|Q08648|SG11B_HUMAN|window_54
Q08648,32,ATEALGEL,4,0.8173,,sp|Q08648|SG11B_HUMAN|window_31
Q08648,30,HSATEALG,4,0.8123,,sp|Q08648|SG11B_HUMAN|window_29
Q08648,58,VKRDLLPP,4,0.8119,,sp|Q08648|SG11B_HUMAN|window_57
Q08648,1,MRQRLLPS,4,0.8109,,sp|Q08648|SG11B_HUMAN|window_0
Q08648,33,TEALGELR,4,0.8082,,sp|Q08648|SG11B_HUMAN|window_32
Q08648,35,ALGELRER,4,0.8082,,sp|Q08648|SG11B_HUMAN|window_34
Q08648,26,RHVNHSAT,4,0.8072,,sp|Q08648|SG11B_HUMAN|window_25
Q9H1M4,77,LALTLQDY,4,0.8952,,sp|Q9H1M4|DB127_HUMAN|window_76
Q9H1M4,5,MIIAILLF,4,0.8876,,sp|Q9H1M4|DB127_HUMAN|window_4
Q9H1M4,7,IAILLFQK,4,0.8835,,sp|Q9H1M4|DB127_HUMAN|window_6
Q9H1M4,74,PATLALTL,4,0.8805,,sp|Q9H1M4|DB127_HUMAN|window_73
Q9H1M4,75,ATLALTLQ,4,0.8796,,sp|Q9H1M4|DB127_HUMAN|window_74
Q9H1M4,76,TLALTLQD,4,0.8764,,sp|Q9H1M4|DB127_HUMAN|window_75
Q9H1M4,6,IIAILLFQ,4,0.8727,,sp|Q9H1M4|DB127_HUMAN|window_5
Q9H1M4,33,CRKICRVN,4,0.8589,,sp|Q9H1M4|DB127_HUMAN|window_32
Q9H1M4,62,ACKKITKP,4,0.8503,,sp|Q9H1M4|DB127_HUMAN|window_61
Q9H1M4,4,FMIIAILL,4,0.8496,,sp|Q9H1M4|DB127_HUMAN|window_3
Q9H1M4,8,AILLFQKP,4,0.848,,sp|Q9H1M4|DB127_HUMAN|window_7
Q9H1M4,78,ALTLQDYV,4,0.8435,,sp|Q9H1M4|DB127_HUMAN|window_77
Q9H1M4,2,GLFMIIAI,4,0.8364,,sp|Q9H1M4|DB127_HUMAN|window_1
Q9H1M4,60,LEACKKIT,4,0.8301,,sp|Q9H1M4|DB127_HUMAN|window_59
Q9H1M4,3,LFMIIAIL,4,0.8275,,sp|Q9H1M4|DB127_HUMAN|window_2
Q9H1M4,1,MGLFMIIA,4,0.8228,,sp|Q9H1M4|DB127_HUMAN|window_0
Q9H1M4,73,KPATLALT,4,0.8219,,sp|Q9H1M4|DB127_HUMAN|window_72
Q9H1M4,61,EACKKITK,4,0.8192,,sp|Q9H1M4|DB127_HUMAN|window_60
Q9H1M4,32,HCRKICRV,4,0.8149,,sp|Q9H1M4|DB127_HUMAN|window_31
Q9H1M4,79,LTLQDYVT,4,0.8065,,sp|Q9H1M4|DB127_HUMAN|window_78
Q9H1M4,17,VTEQLKKC,4,0.8049,,sp|Q9H1M4|DB127_HUMAN|window_16
Q9H1M4,72,PKPATLAL,4,0.8028,,sp|Q9H1M4|DB127_HUMAN|window_71
Q9H1M4,85,VTIIENFP,4,0.8026,,sp|Q9H1M4|DB127_HUMAN|window_84
P20848,12,LAGLCCLV,4,0.946,,sp|P20848|A1ATR_HUMAN|window_11
P20848,11,LLAGLCCL,4,0.9436,,sp|P20848|A1ATR_HUMAN|window_10
P20848,17,CLVPSSLV,4,0.9368,,sp|P20848|A1ATR_HUMAN|window_16
P20848,14,GLCCLVPS,4,0.935,,sp|P20848|A1ATR_HUMAN|window_13
P20848,13,AGLCCLVP,4,0.9308,,sp|P20848|A1ATR_HUMAN|window_12
P20848,10,LLLAGLCC,4,0.9297,,sp|P20848|A1ATR_HUMAN|window_9
P20848,18,LVPSSLVE,4,0.9277,,sp|P20848|A1ATR_HUMAN|window_17
P20848,15,LCCLVPSS,4,0.9268,,sp|P20848|A1ATR_HUMAN|window_14
P20848,19,VPSSLVED,4,0.918,,sp|P20848|A1ATR_HUMAN|window_18
P20848,31,AAQKTDTS,4,0.9165,,sp|P20848|A1ATR_HUMAN|window_30
P20848,9,ILLLAGLC,4,0.915,,sp|P20848|A1ATR_HUMAN|window_8
P20848,16,CCLVPSSL,4,0.9137,,sp|P20848|A1ATR_HUMAN|window_15
P20848,32,AQKTDTSH,4,0.896,,sp|P20848|A1ATR_HUMAN|window_31
P20848,30,DAAQKTDT,4,0.8948,,sp|P20848|A1ATR_HUMAN|window_29
P20848,22,SLVEDPQE,4,0.8824,,sp|P20848|A1ATR_HUMAN|window_21
P20848,21,SSLVEDPQ,4,0.8811,,sp|P20848|A1ATR_HUMAN|window_20
P20848,29,EDAAQKTD,4,0.875,,sp|P20848|A1ATR_HUMAN|window_28
P20848,382,EKAWSKYQ,4,0.8673,,sp|P20848|A1ATR_HUMAN|window_381
P20848,20,PSSLVEDP,4,0.867,,sp|P20848|A1ATR_HUMAN|window_19
P20848,33,QKTDTSHH,4,0.8621,,sp|P20848|A1ATR_HUMAN|window_32
P20848,34,KTDTSHHD,4,0.8616,,sp|P20848|A1ATR_HUMAN|window_33
P20848,8,GILLLAGL,4,0.8584,,sp|P20848|A1ATR_HUMAN|window_7
P20848,381,EEKAWSKY,4,0.8571,,sp|P20848|A1ATR_HUMAN|window_380
P20848,380,LEEKAWSK,4,0.8368,,sp|P20848|A1ATR_HUMAN|window_379
P20848,379,HLEEKAWS,4,0.833,,sp|P20848|A1ATR_HUMAN|window_378
P20848,23,LVEDPQED,4,0.833,,sp|P20848|A1ATR_HUMAN|window_22
P20848,28,QEDAAQKT,4,0.8189,,sp|P20848|A1ATR_HUMAN|window_27
P20848,26,DPQEDAAQ,4,0.8182,,sp|P20848|A1ATR_HUMAN|window_25
P20848,27,PQEDAAQK,4,0.816,,sp|P20848|A1ATR_HUMAN|window_26
P20848,35,TDTSHHDQ,4,0.8035,,sp|P20848|A1ATR_HUMAN|window_34
P60153,20,LLQLVQFQ,4,0.8989,,sp|P60153|RNAS9_HUMAN|window_19
P60153,25,QFQEVDTD,4,0.8941,,sp|P60153|RNAS9_HUMAN|window_24
P60153,48,LEKFFSTG,4,0.8912,,sp|P60153|RNAS9_HUMAN|window_47
P60153,19,QLLQLVQF,4,0.8901,,sp|P60153|RNAS9_HUMAN|window_18
P60153,24,VQFQEVDT,4,0.89,,sp|P60153|RNAS9_HUMAN|window_23
P60153,27,QEVDTDFD,4,0.8884,,sp|P60153|RNAS9_HUMAN|window_26
P60153,28,EVDTDFDF,4,0.885,,sp|P60153|RNAS9_HUMAN|window_27
P60153,26,FQEVDTDF,4,0.8849,,sp|P60153|RNAS9_HUMAN|window_25
P60153,49,EKFFSTGP,4,0.8847,,sp|P60153|RNAS9_HUMAN|window_48
P60153,23,LVQFQEVD,4,0.8836,,sp|P60153|RNAS9_HUMAN|window_22
P60153,50,KFFSTGPA,4,0.8811,,sp|P60153|RNAS9_HUMAN|window_49
P60153,11,LPLLLLPQ,4,0.8808,,sp|P60153|RNAS9_HUMAN|window_10
P60153,22,QLVQFQEV,4,0.8797,,sp|P60153|RNAS9_HUMAN|window_21
P60153,2,MRTLITTH,4,0.8778,,sp|P60153|RNAS9_HUMAN|window_1
P60153,51,FFSTGPAR,4,0.8748,,sp|P60153|RNAS9_HUMAN|window_50
P60153,21,LQLVQFQE,4,0.8735,,sp|P60153|RNAS9_HUMAN|window_20
P60153,29,VDTDFDFP,4,0.873,,sp|P60153|RNAS9_HUMAN|window_28
P60153,12,PLLLLPQQ,4,0.8725,,sp|P60153|RNAS9_HUMAN|window_11
P60153,47,CLEKFFST,4,0.8687,,sp|P60153|RNAS9_HUMAN|window_46
P60153,30,DTDFDFPE,4,0.8665,,sp|P60153|RNAS9_HUMAN|window_29
P60153,1,MMRTLITT,4,0.8607,,sp|P60153|RNAS9_HUMAN|window_0
P60153,18,QQLLQLVQ,4,0.8515,,sp|P60153|RNAS9_HUMAN|window_17
P60153,10,PLPLLLLP,4,0.8437,,sp|P60153|RNAS9_HUMAN|window_9
P60153,14,LLLPQQLL,4,0.8386,,sp|P60153|RNAS9_HUMAN|window_13
P60153,13,LLLLPQQL,4,0.8309,,sp|P60153|RNAS9_HUMAN|window_12
P60153,17,PQQLLQLV,4,0.8278,,sp|P60153|RNAS9_HUMAN|window_16
P60153,15,LLPQQLLQ,4,0.8247,,sp|P60153|RNAS9_HUMAN|window_14
P60153,31,TDFDFPEE,4,0.8199,,sp|P60153|RNAS9_HUMAN|window_30
P60153,3,RTLITTHP,4,0.807,,sp|P60153|RNAS9_HUMAN|window_2
Q8WTQ1,37,CRKKCRSQ,4,0.8975,,sp|Q8WTQ1|D104A_HUMAN|window_36
Q8WTQ1,9,AISLLLYQ,4,0.8883,,sp|Q8WTQ1|D104A_HUMAN|window_8
Q8WTQ1,11,SLLLYQDL,4,0.8868,,sp|Q8WTQ1|D104A_HUMAN|window_10
Q8WTQ1,12,LLLYQDLP,4,0.886,,sp|Q8WTQ1|D104A_HUMAN|window_11
Q8WTQ1,36,RCRKKCRS,4,0.883,,sp|Q8WTQ1|D104A_HUMAN|window_35
Q8WTQ1,10,ISLLLYQD,4,0.8774,,sp|Q8WTQ1|D104A_HUMAN|window_9
Q8WTQ1,13,LLYQDLPV,4,0.8768,,sp|Q8WTQ1|D104A_HUMAN|window_12
Q8WTQ1,8,LAISLLLY,4,0.8531,,sp|Q8WTQ1|D104A_HUMAN|window_7
Q8WTQ1,64,ESLLNRTK,4,0.8506,,sp|Q8WTQ1|D104A_HUMAN|window_63
Q8WTQ1,63,DESLLNRT,4,0.8476,,sp|Q8WTQ1|D104A_HUMAN|window_62
Q8WTQ1,35,ARCRKKCR,4,0.8461,,sp|Q8WTQ1|D104A_HUMAN|window_34
Q8WTQ1,62,WDESLLNR,4,0.8319,,sp|Q8WTQ1|D104A_HUMAN|window_61
Q8WTQ1,7,LLAISLLL,4,0.8313,,sp|Q8WTQ1|D104A_HUMAN|window_6
Q8WTQ1,20,VRSEFELD,4,0.8271,,sp|Q8WTQ1|D104A_HUMAN|window_19
Q8WTQ1,65,SLLNRTKP,4,0.8142,,sp|Q8WTQ1|D104A_HUMAN|window_64
Q8WTQ1,6,LLLAISLL,4,0.808,,sp|Q8WTQ1|D104A_HUMAN|window_5
Q8WTQ1,14,LYQDLPVR,4,0.8009,,sp|Q8WTQ1|D104A_HUMAN|window_13
Q8WTQ1,5,VLLLAISL,4,0.8004,,sp|Q8WTQ1|D104A_HUMAN|window_4
Q9H1M3,117,VIIPNATP,4,0.8906,,sp|Q9H1M3|DB129_HUMAN|window_116
Q9H1M3,118,IIPNATPM,4,0.886,,sp|Q9H1M3|DB129_HUMAN|window_117
Q9H1M3,175,LELEEAEE,4,0.8777,,sp|Q9H1M3|DB129_HUMAN|window_174
Q9H1M3,174,SLELEEAE,4,0.8706,,sp|Q9H1M3|DB129_HUMAN|window_173
Q9H1M3,116,FVIIPNAT,4,0.8675,,sp|Q9H1M3|DB129_HUMAN|window_115
Q9H1M3,173,PSLELEEA,4,0.8655,,sp|Q9H1M3|DB129_HUMAN|window_172
Q9H1M3,61,KLIKNYLQ,4,0.8585,,sp|Q9H1M3|DB129_HUMAN|window_60
Q9H1M3,95,RKHILSVL,4,0.855,,sp|Q9H1M3|DB129_HUMAN|window_94
Q9H1M3,176,ELEEAEEQ,4,0.853,,sp|Q9H1M3|DB129_HUMAN|window_175
Q9H1M3,74,VLNEDVQE,4,0.8512,,sp|Q9H1M3|DB129_HUMAN|window_73
Q9H1M3,92,VIQRKHIL,4,0.8496,,sp|Q9H1M3|DB129_HUMAN|window_91
Q9H1M3,93,IQRKHILS,4,0.849,,sp|Q9H1M3|DB129_HUMAN|window_92
Q9H1M3,91,AVIQRKHI,4,0.8483,,sp|Q9H1M3|DB129_HUMAN|window_90
Q9H1M3,97,HILSVLPQ,4,0.843,,sp|Q9H1M3|DB129_HUMAN|window_96
Q9H1M3,34,CRDHCNVD,4,0.8424,,sp|Q9H1M3|DB129_HUMAN|window_33
Q9H1M3,98,ILSVLPQI,4,0.8423,,sp|Q9H1M3|DB129_HUMAN|window_97
Q9H1M3,94,QRKHILSV,4,0.842,,sp|Q9H1M3|DB129_HUMAN|window_93
Q9H1M3,75,LNEDVQEM,4,0.84,,sp|Q9H1M3|DB129_HUMAN|window_74
Q9H1M3,115,NFVIIPNA,4,0.8354,,sp|Q9H1M3|DB129_HUMAN|window_114
Q9H1M3,60,VKLIKNYL,4,0.8324,,sp|Q9H1M3|DB129_HUMAN|window_59
Q9H1M3,71,TPNVLNED,4,0.8273,,sp|Q9H1M3|DB129_HUMAN|window_70
Q9H1M3,90,SAVIQRKH,4,0.8269,,sp|Q9H1M3|DB129_HUMAN|window_89
Q9H1M3,96,KHILSVLP,4,0.8235,,sp|Q9H1M3|DB129_HUMAN|window_95
Q9H1M3,62,LIKNYLQY,4,0.8187,,sp|Q9H1M3|DB129_HUMAN|window_61
Q9H1M3,33,RCRDHCNV,4,0.817,,sp|Q9H1M3|DB129_HUMAN|window_32
Q9H1M3,105,IKSTSFFA,4,0.8117,,sp|Q9H1M3|DB129_HUMAN|window_104
Q9H1M3,70,GTPNVLNE,4,0.8107,,sp|Q9H1M3|DB129_HUMAN|window_69
Q9H1M3,73,NVLNEDVQ,4,0.8106,,sp|Q9H1M3|DB129_HUMAN|window_72
Q9H1M3,138,ITYTATST,4,0.8039,,sp|Q9H1M3|DB129_HUMAN|window_137
Q9H1M3,72,PNVLNEDV,4,0.8035,,sp|Q9H1M3|DB129_HUMAN|window_71
Q8IUA0,55,RLTCTTEL,4,0.9582,,sp|Q8IUA0|WFDC8_HUMAN|window_54
Q8IUA0,206,LLCTKIDK,4,0.9563,,sp|Q8IUA0|WFDC8_HUMAN|window_205
Q8IUA0,56,LTCTTELP,4,0.956,,sp|Q8IUA0|WFDC8_HUMAN|window_55
Q8IUA0,207,LCTKIDKP,4,0.9547,,sp|Q8IUA0|WFDC8_HUMAN|window_206
Q8IUA0,54,ERLTCTTE,4,0.9527,,sp|Q8IUA0|WFDC8_HUMAN|window_53
Q8IUA0,57,TCTTELPD,4,0.9474,,sp|Q8IUA0|WFDC8_HUMAN|window_56
Q8IUA0,205,PLLCTKID,4,0.947,,sp|Q8IUA0|WFDC8_HUMAN|window_204
Q8IUA0,204,KPLLCTKI,4,0.9312,,sp|Q8IUA0|WFDC8_HUMAN|window_203
Q8IUA0,53,KERLTCTT,4,0.9298,,sp|Q8IUA0|WFDC8_HUMAN|window_52
Q8IUA0,52,PKERLTCT,4,0.909,,sp|Q8IUA0|WFDC8_HUMAN|window_51
Q8IUA0,208,CTKIDKPK,4,0.9086,,sp|Q8IUA0|WFDC8_HUMAN|window_207
Q8IUA0,203,RKPLLCTK,4,0.9042,,sp|Q8IUA0|WFDC8_HUMAN|window_202
Q8IUA0,202,PRKPLLCT,4,0.8901,,sp|Q8IUA0|WFDC8_HUMAN|window_201
Q8IUA0,58,CTTELPDS,4,0.8859,,sp|Q8IUA0|WFDC8_HUMAN|window_57
Q8IUA0,27,LLLSLALE,4,0.8852,,sp|Q8IUA0|WFDC8_HUMAN|window_26
Q8IUA0,25,FLLLLSLA,4,0.8846,,sp|Q8IUA0|WFDC8_HUMAN|window_24
Q8IUA0,28,LLSLALEW,4,0.8842,,sp|Q8IUA0|WFDC8_HUMAN|window_27
Q8IUA0,26,LLLLSLAL,4,0.8835,,sp|Q8IUA0|WFDC8_HUMAN|window_25
Q8IUA0,29,LSLALEWT,4,0.8705,,sp|Q8IUA0|WFDC8_HUMAN|window_28
Q8IUA0,24,AFLLLLSL,4,0.8574,,sp|Q8IUA0|WFDC8_HUMAN|window_23
Q8IUA0,201,CPRKPLLC,4,0.8468,,sp|Q8IUA0|WFDC8_HUMAN|window_200
Q8IUA0,23,VAFLLLLS,4,0.843,,sp|Q8IUA0|WFDC8_HUMAN|window_22
Q8IUA0,30,SLALEWTS,4,0.8419,,sp|Q8IUA0|WFDC8_HUMAN|window_29
Q8IUA0,31,LALEWTSA,4,0.8338,,sp|Q8IUA0|WFDC8_HUMAN|window_30
Q8IUA0,200,FCPRKPLL,4,0.8281,,sp|Q8IUA0|WFDC8_HUMAN|window_199
Q8IUA0,16,PTFSWRNV,4,0.8248,,sp|Q8IUA0|WFDC8_HUMAN|window_15
Q8IUA0,17,TFSWRNVA,4,0.8204,,sp|Q8IUA0|WFDC8_HUMAN|window_16
Q8IUA0,59,TTELPDSC,4,0.8137,,sp|Q8IUA0|WFDC8_HUMAN|window_58
Q8IUA0,209,TKIDKPKC,4,0.809,,sp|Q8IUA0|WFDC8_HUMAN|window_208
Q8IUA0,18,FSWRNVAF,4,0.809,,sp|Q8IUA0|WFDC8_HUMAN|window_17
Q8IUA0,22,NVAFLLLL,4,0.8055,,sp|Q8IUA0|WFDC8_HUMAN|window_21
Q8IUA0,2,WTVRTEGG,4,0.803,,sp|Q8IUA0|WFDC8_HUMAN|window_1
Q8IUA0,3,TVRTEGGH,4,0.8024,,sp|Q8IUA0|WFDC8_HUMAN|window_2
Q8IUA0,32,ALEWTSAM,4,0.8023,,sp|Q8IUA0|WFDC8_HUMAN|window_31
Q8IUA0,51,CPKERLTC,4,0.8013,,sp|Q8IUA0|WFDC8_HUMAN|window_50
Q8IUA0,4,VRTEGGHF,4,0.8009,,sp|Q8IUA0|WFDC8_HUMAN|window_3
Q30KQ6,36,CKRDCLES,4,0.9055,,sp|Q30KQ6|DB114_HUMAN|window_35
Q30KQ6,35,RCKRDCLE,4,0.8937,,sp|Q30KQ6|DB114_HUMAN|window_34
Q30KQ6,37,KRDCLESE,4,0.8687,,sp|Q30KQ6|DB114_HUMAN|window_36
Q30KQ6,20,TCTLVNAD,4,0.8666,,sp|Q30KQ6|DB114_HUMAN|window_19
Q30KQ6,11,CYVTFILP,4,0.8575,,sp|Q30KQ6|DB114_HUMAN|window_10
Q30KQ6,9,FLCYVTFI,4,0.8574,,sp|Q30KQ6|DB114_HUMAN|window_8
Q30KQ6,12,YVTFILPA,4,0.8509,,sp|Q30KQ6|DB114_HUMAN|window_11
Q30KQ6,19,ATCTLVNA,4,0.8459,,sp|Q30KQ6|DB114_HUMAN|window_18
Q30KQ6,10,LCYVTFIL,4,0.839,,sp|Q30KQ6|DB114_HUMAN|window_9
Q30KQ6,34,GRCKRDCL,4,0.8389,,sp|Q30KQ6|DB114_HUMAN|window_33
Q30KQ6,38,RDCLESEK,4,0.829,,sp|Q30KQ6|DB114_HUMAN|window_37
Q30KQ6,18,PATCTLVN,4,0.8192,,sp|Q30KQ6|DB114_HUMAN|window_17
Q30KQ6,21,CTLVNADR,4,0.8147,,sp|Q30KQ6|DB114_HUMAN|window_20
Q30KQ6,8,HFLCYVTF,4,0.8098,,sp|Q30KQ6|DB114_HUMAN|window_7
Q30KQ6,62,LYEEDDMF,4,0.8057,,sp|Q30KQ6|DB114_HUMAN|window_61
Q9H112,15,ILLTLMAL,4,0.9414,,sp|Q9H112|CST11_HUMAN|window_14
Q9H112,14,AILLTLMA,4,0.936,,sp|Q9H112|CST11_HUMAN|window_13
Q9H112,16,LLTLMALP,4,0.9289,,sp|Q9H112|CST11_HUMAN|window_15
Q9H112,13,LAILLTLM,4,0.9235,,sp|Q9H112|CST11_HUMAN|window_12
Q9H112,17,LTLMALPY,4,0.9128,,sp|Q9H112|CST11_HUMAN|window_16
Q9H112,12,LLAILLTL,4,0.9047,,sp|Q9H112|CST11_HUMAN|window_11
Q9H112,11,LLLAILLT,4,0.8589,,sp|Q9H112|CST11_HUMAN|window_10
Q9H112,27,RKKTFLSV,4,0.8514,,sp|Q9H112|CST11_HUMAN|window_26
Q9H112,18,TLMALPYQ,4,0.8454,,sp|Q9H112|CST11_HUMAN|window_17
Q9H112,26,ARKKTFLS,4,0.8368,,sp|Q9H112|CST11_HUMAN|window_25
Q9H112,10,QLLLAILL,4,0.8352,,sp|Q9H112|CST11_HUMAN|window_9
Q9H112,25,QARKKTFL,4,0.8341,,sp|Q9H112|CST11_HUMAN|window_24
Q9H112,3,AEPWQALQ,4,0.8308,,sp|Q9H112|CST11_HUMAN|window_2
Q9H112,1,MMAEPWQA,4,0.8294,,sp|Q9H112|CST11_HUMAN|window_0
Q9H112,21,ALPYQARK,4,0.8209,,sp|Q9H112|CST11_HUMAN|window_20
Q9H112,28,KKTFLSVH,4,0.8036,,sp|Q9H112|CST11_HUMAN|window_27
Q9H112,24,YQARKKTF,4,0.8026,,sp|Q9H112|CST11_HUMAN|window_23
Q8NEX5,31,FLDMIRET,4,0.9222,,sp|Q8NEX5|WFDC9_HUMAN|window_30
Q8NEX5,33,DMIRETEQ,4,0.9221,,sp|Q8NEX5|WFDC9_HUMAN|window_32
Q8NEX5,32,LDMIRETE,4,0.9085,,sp|Q8NEX5|WFDC9_HUMAN|window_31
Q8NEX5,34,MIRETEQC,4,0.8974,,sp|Q8NEX5|WFDC9_HUMAN|window_33
Q8NEX5,30,PFLDMIRE,4,0.8925,,sp|Q8NEX5|WFDC9_HUMAN|window_29
Q8NEX5,29,DPFLDMIR,4,0.8912,,sp|Q8NEX5|WFDC9_HUMAN|window_28
Q8NEX5,82,PLKSMLNP,4,0.8771,,sp|Q8NEX5|WFDC9_HUMAN|window_81
Q8NEX5,25,FWNKDPFL,4,0.8741,,sp|Q8NEX5|WFDC9_HUMAN|window_24
Q8NEX5,28,KDPFLDMI,4,0.8715,,sp|Q8NEX5|WFDC9_HUMAN|window_27
Q8NEX5,24,SFWNKDPF,4,0.8686,,sp|Q8NEX5|WFDC9_HUMAN|window_23
Q8NEX5,23,GSFWNKDP,4,0.8663,,sp|Q8NEX5|WFDC9_HUMAN|window_22
Q8NEX5,35,IRETEQCW,4,0.8598,,sp|Q8NEX5|WFDC9_HUMAN|window_34
Q8NEX5,22,LGSFWNKD,4,0.8571,,sp|Q8NEX5|WFDC9_HUMAN|window_21
Q8NEX5,15,VVMLLPVL,4,0.8523,,sp|Q8NEX5|WFDC9_HUMAN|window_14
Q8NEX5,21,VLGSFWNK,4,0.8491,,sp|Q8NEX5|WFDC9_HUMAN|window_20
Q8NEX5,20,PVLGSFWN,4,0.8457,,sp|Q8NEX5|WFDC9_HUMAN|window_19
Q8NEX5,18,LLPVLGSF,4,0.841,,sp|Q8NEX5|WFDC9_HUMAN|window_17
Q8NEX5,26,WNKDPFLD,4,0.8302,,sp|Q8NEX5|WFDC9_HUMAN|window_25
Q8NEX5,81,EPLKSMLN,4,0.8258,,sp|Q8NEX5|WFDC9_HUMAN|window_80
Q8NEX5,14,GVVMLLPV,4,0.82,,sp|Q8NEX5|WFDC9_HUMAN|window_13
Q8NEX5,46,PYKYCEKR,4,0.8199,,sp|Q8NEX5|WFDC9_HUMAN|window_45
Q8NEX5,45,PPYKYCEK,4,0.8197,,sp|Q8NEX5|WFDC9_HUMAN|window_44
Q8NEX5,19,LPVLGSFW,4,0.8195,,sp|Q8NEX5|WFDC9_HUMAN|window_18
Q8NEX5,12,ISGVVMLL,4,0.8173,,sp|Q8NEX5|WFDC9_HUMAN|window_11
Q8NEX5,27,NKDPFLDM,4,0.8092,,sp|Q8NEX5|WFDC9_HUMAN|window_26
Q8NEX5,43,VQPPYKYC,4,0.8027,,sp|Q8NEX5|WFDC9_HUMAN|window_42
Q8NEX5,44,QPPYKYCE,4,0.8026,,sp|Q8NEX5|WFDC9_HUMAN|window_43
O15130,13,LLLIDGGC,4,0.9304,,sp|O15130|NPFF_HUMAN|window_12
O15130,30,DQLSAEED,4,0.9295,,sp|O15130|NPFF_HUMAN|window_29
O15130,29,EDQLSAEE,4,0.9268,,sp|O15130|NPFF_HUMAN|window_28
O15130,31,QLSAEEDS,4,0.9267,,sp|O15130|NPFF_HUMAN|window_30
O15130,14,LLIDGGCA,4,0.925,,sp|O15130|NPFF_HUMAN|window_13
O15130,12,LLLLIDGG,4,0.9238,,sp|O15130|NPFF_HUMAN|window_11
O15130,32,LSAEEDSE,4,0.9112,,sp|O15130|NPFF_HUMAN|window_31
O15130,28,QEDQLSAE,4,0.9081,,sp|O15130|NPFF_HUMAN|window_27
O15130,11,VLLLLIDG,4,0.9005,,sp|O15130|NPFF_HUMAN|window_10
O15130,27,QQEDQLSA,4,0.8813,,sp|O15130|NPFF_HUMAN|window_26
O15130,15,LIDGGCAE,4,0.8772,,sp|O15130|NPFF_HUMAN|window_14
O15130,33,SAEEDSEP,4,0.8772,,sp|O15130|NPFF_HUMAN|window_32
O15130,53,LHYLLQAM,4,0.8757,,sp|O15130|NPFF_HUMAN|window_52
O15130,55,YLLQAMER,4,0.8712,,sp|O15130|NPFF_HUMAN|window_54
O15130,10,LVLLLLID,4,0.8689,,sp|O15130|NPFF_HUMAN|window_9
O15130,34,AEEDSEPL,4,0.8627,,sp|O15130|NPFF_HUMAN|window_33
O15130,54,HYLLQAME,4,0.8568,,sp|O15130|NPFF_HUMAN|window_53
O15130,26,GQQEDQLS,4,0.8556,,sp|O15130|NPFF_HUMAN|window_25
O15130,9,LLVLLLLI,4,0.8431,,sp|O15130|NPFF_HUMAN|window_8
O15130,56,LLQAMERP,4,0.841,,sp|O15130|NPFF_HUMAN|window_55
O15130,52,LLHYLLQA,4,0.8306,,sp|O15130|NPFF_HUMAN|window_51
O15130,22,EGPGGQQE,4,0.8272,,sp|O15130|NPFF_HUMAN|window_21
O15130,21,AEGPGGQQ,4,0.8197,,sp|O15130|NPFF_HUMAN|window_20
O15130,20,CAEGPGGQ,4,0.8176,,sp|O15130|NPFF_HUMAN|window_19
O15130,19,GCAEGPGG,4,0.8139,,sp|O15130|NPFF_HUMAN|window_18
O15130,100,QFWSLAAP,4,0.8125,,sp|O15130|NPFF_HUMAN|window_99
O15130,65,RSQAFLFQ,4,0.812,,sp|O15130|NPFF_HUMAN|window_64
O15130,25,GGQQEDQL,4,0.8093,,sp|O15130|NPFF_HUMAN|window_24
O15130,67,QAFLFQPQ,4,0.8051,,sp|O15130|NPFF_HUMAN|window_66
O15130,35,EEDSEPLP,4,0.8015,,sp|O15130|NPFF_HUMAN|window_34
O15130,101,FWSLAAPQ,4,0.8007,,sp|O15130|NPFF_HUMAN|window_100
Q30KQ7,42,CKPECNSW,4,0.8896,,sp|Q30KQ7|DB113_HUMAN|window_41
Q30KQ7,41,ACKPECNS,4,0.8894,,sp|Q30KQ7|DB113_HUMAN|window_40
Q30KQ7,11,VFTVSCGP,4,0.886,,sp|Q30KQ7|DB113_HUMAN|window_10
Q30KQ7,12,FTVSCGPS,4,0.8842,,sp|Q30KQ7|DB113_HUMAN|window_11
Q30KQ7,10,FVFTVSCG,4,0.8685,,sp|Q30KQ7|DB113_HUMAN|window_9
Q30KQ7,71,IINKITSK,4,0.8603,,sp|Q30KQ7|DB113_HUMAN|window_70
Q30KQ7,13,TVSCGPSV,4,0.8555,,sp|Q30KQ7|DB113_HUMAN|window_12
Q30KQ7,72,INKITSKL,4,0.8467,,sp|Q30KQ7|DB113_HUMAN|window_71
Q30KQ7,7,FLTFVFTV,4,0.8441,,sp|Q30KQ7|DB113_HUMAN|window_6
Q30KQ7,4,LCIFLTFV,4,0.836,,sp|Q30KQ7|DB113_HUMAN|window_3
Q30KQ7,40,GACKPECN,4,0.836,,sp|Q30KQ7|DB113_HUMAN|window_39
Q30KQ7,23,KKTREVAE,4,0.8305,,sp|Q30KQ7|DB113_HUMAN|window_22
Q30KQ7,8,LTFVFTVS,4,0.8304,,sp|Q30KQ7|DB113_HUMAN|window_7
Q30KQ7,9,TFVFTVSC,4,0.8297,,sp|Q30KQ7|DB113_HUMAN|window_8
Q30KQ7,6,IFLTFVFT,4,0.8213,,sp|Q30KQ7|DB113_HUMAN|window_5
Q30KQ7,5,CIFLTFVF,4,0.8201,,sp|Q30KQ7|DB113_HUMAN|window_4
Q30KQ7,70,PIINKITS,4,0.8195,,sp|Q30KQ7|DB113_HUMAN|window_69
Q30KQ7,26,REVAERKR,4,0.8194,,sp|Q30KQ7|DB113_HUMAN|window_25
Q30KQ7,75,ITSKLHQK,4,0.8123,,sp|Q30KQ7|DB113_HUMAN|window_74
Q30KQ7,20,VPQKKTRE,4,0.8085,,sp|Q30KQ7|DB113_HUMAN|window_19
Q30KQ7,14,VSCGPSVP,4,0.802,,sp|Q30KQ7|DB113_HUMAN|window_13
Q9H1F0,47,LYLCKHLC,4,0.9332,,sp|Q9H1F0|WF10A_HUMAN|window_46
Q9H1F0,27,KRMQKTQL,4,0.9281,,sp|Q9H1F0|WF10A_HUMAN|window_26
Q9H1F0,15,LLLQAQGG,4,0.927,,sp|Q9H1F0|WF10A_HUMAN|window_14
Q9H1F0,26,KKRMQKTQ,4,0.9228,,sp|Q9H1F0|WF10A_HUMAN|window_25
Q9H1F0,46,KLYLCKHL,4,0.9221,,sp|Q9H1F0|WF10A_HUMAN|window_45
Q9H1F0,28,RMQKTQLS,4,0.9192,,sp|Q9H1F0|WF10A_HUMAN|window_27
Q9H1F0,14,VLLLQAQG,4,0.9191,,sp|Q9H1F0|WF10A_HUMAN|window_13
Q9H1F0,13,CVLLLQAQ,4,0.9051,,sp|Q9H1F0|WF10A_HUMAN|window_12
Q9H1F0,25,DKKRMQKT,4,0.8998,,sp|Q9H1F0|WF10A_HUMAN|window_24
Q9H1F0,29,MQKTQLSP,4,0.8957,,sp|Q9H1F0|WF10A_HUMAN|window_28
Q9H1F0,24,RDKKRMQK,4,0.8949,,sp|Q9H1F0|WF10A_HUMAN|window_23
Q9H1F0,12,LCVLLLQA,4,0.8935,,sp|Q9H1F0|WF10A_HUMAN|window_11
Q9H1F0,48,YLCKHLCE,4,0.8859,,sp|Q9H1F0|WF10A_HUMAN|window_47
Q9H1F0,16,LLQAQGGY,4,0.8829,,sp|Q9H1F0|WF10A_HUMAN|window_15
Q9H1F0,45,PKLYLCKH,4,0.8827,,sp|Q9H1F0|WF10A_HUMAN|window_44
Q9H1F0,23,YRDKKRMQ,4,0.8797,,sp|Q9H1F0|WF10A_HUMAN|window_22
Q9H1F0,30,QKTQLSPE,4,0.879,,sp|Q9H1F0|WF10A_HUMAN|window_29
Q9H1F0,17,LQAQGGYR,4,0.8639,,sp|Q9H1F0|WF10A_HUMAN|window_16
Q9H1F0,11,VLCVLLLQ,4,0.8633,,sp|Q9H1F0|WF10A_HUMAN|window_10
Q9H1F0,31,KTQLSPEI,4,0.8588,,sp|Q9H1F0|WF10A_HUMAN|window_30
Q9H1F0,44,QPKLYLCK,4,0.8457,,sp|Q9H1F0|WF10A_HUMAN|window_43
Q9H1F0,22,GYRDKKRM,4,0.8456,,sp|Q9H1F0|WF10A_HUMAN|window_21
Q9H1F0,10,LVLCVLLL,4,0.8292,,sp|Q9H1F0|WF10A_HUMAN|window_9
Q9H1F0,32,TQLSPEIK,4,0.827,,sp|Q9H1F0|WF10A_HUMAN|window_31
Q9H1F0,33,QLSPEIKV,4,0.8121,,sp|Q9H1F0|WF10A_HUMAN|window_32
Q9H1F0,43,QQPKLYLC,4,0.8061,,sp|Q9H1F0|WF10A_HUMAN|window_42
Q30KP9,28,VYIQKIFA,4,0.9322,,sp|Q30KP9|DB135_HUMAN|window_27
Q30KP9,27,NVYIQKIF,4,0.9172,,sp|Q30KP9|DB135_HUMAN|window_26
Q30KP9,29,YIQKIFAS,4,0.9135,,sp|Q30KP9|DB135_HUMAN|window_28
Q30KP9,26,PNVYIQKI,4,0.9093,,sp|Q30KP9|DB135_HUMAN|window_25
Q30KP9,44,CRPKCLKN,4,0.8861,,sp|Q30KP9|DB135_HUMAN|window_43
Q30KP9,24,SGPNVYIQ,4,0.8705,,sp|Q30KP9|DB135_HUMAN|window_23
Q30KP9,30,IQKIFASC,4,0.8699,,sp|Q30KP9|DB135_HUMAN|window_29
Q30KP9,25,GPNVYIQK,4,0.8698,,sp|Q30KP9|DB135_HUMAN|window_24
Q30KP9,10,LVVLNLLF,4,0.8697,,sp|Q30KP9|DB135_HUMAN|window_9
Q30KP9,43,TCRPKCLK,4,0.8679,,sp|Q30KP9|DB135_HUMAN|window_42
Q30KP9,12,VLNLLFYV,4,0.8653,,sp|Q30KP9|DB135_HUMAN|window_11
Q30KP9,11,VVLNLLFY,4,0.8601,,sp|Q30KP9|DB135_HUMAN|window_10
Q30KP9,9,ALVVLNLL,4,0.8522,,sp|Q30KP9|DB135_HUMAN|window_8
Q30KP9,8,LALVVLNL,4,0.8358,,sp|Q30KP9|DB135_HUMAN|window_7
Q30KP9,23,RSGPNVYI,4,0.8256,,sp|Q30KP9|DB135_HUMAN|window_22
Q30KP9,31,QKIFASCW,4,0.8201,,sp|Q30KP9|DB135_HUMAN|window_30
Q30KP9,70,YLPILTGK,4,0.8062,,sp|Q30KP9|DB135_HUMAN|window_69
Q30KP9,7,LLALVVLN,4,0.8056,,sp|Q30KP9|DB135_HUMAN|window_6
A0A494C103,9,WPLLCSIA,4,0.9265,,sp|A0A494C103|SPADH_HUMAN|window_8
A0A494C103,2,RLSRAFAW,4,0.9135,,sp|A0A494C103|SPADH_HUMAN|window_1
A0A494C103,8,AWPLLCSI,4,0.9092,,sp|A0A494C103|SPADH_HUMAN|window_7
A0A494C103,10,PLLCSIAT,4,0.9086,,sp|A0A494C103|SPADH_HUMAN|window_9
A0A494C103,11,LLCSIATT,4,0.9073,,sp|A0A494C103|SPADH_HUMAN|window_10
A0A494C103,1,MRLSRAFA,4,0.9041,,sp|A0A494C103|SPADH_HUMAN|window_0
A0A494C103,6,AFAWPLLC,4,0.8998,,sp|A0A494C103|SPADH_HUMAN|window_5
A0A494C103,3,LSRAFAWP,4,0.8982,,sp|A0A494C103|SPADH_HUMAN|window_2
A0A494C103,7,FAWPLLCS,4,0.8881,,sp|A0A494C103|SPADH_HUMAN|window_6
A0A494C103,5,RAFAWPLL,4,0.8839,,sp|A0A494C103|SPADH_HUMAN|window_4
A0A494C103,12,LCSIATTV,4,0.8734,,sp|A0A494C103|SPADH_HUMAN|window_11
A0A494C103,4,SRAFAWPL,4,0.8733,,sp|A0A494C103|SPADH_HUMAN|window_3
A0A494C103,20,KAPFATAP,4,0.8583,,sp|A0A494C103|SPADH_HUMAN|window_19
A0A494C103,18,TVKAPFAT,4,0.8427,,sp|A0A494C103|SPADH_HUMAN|window_17
A0A494C103,14,SIATTVKA,4,0.8422,,sp|A0A494C103|SPADH_HUMAN|window_13
A0A494C103,19,VKAPFATA,4,0.8381,,sp|A0A494C103|SPADH_HUMAN|window_18
A0A494C103,15,IATTVKAP,4,0.8234,,sp|A0A494C103|SPADH_HUMAN|window_14
A0A494C103,13,CSIATTVK,4,0.8166,,sp|A0A494C103|SPADH_HUMAN|window_12
A0A494C103,17,TTVKAPFA,4,0.8156,,sp|A0A494C103|SPADH_HUMAN|window_16
A0A494C103,16,ATTVKAPF,4,0.8155,,sp|A0A494C103|SPADH_HUMAN|window_15
Q9BYW3,10,VFMLLAQL,4,0.8978,,sp|Q9BYW3|DB126_HUMAN|window_9
Q9BYW3,11,FMLLAQLV,4,0.8862,,sp|Q9BYW3|DB126_HUMAN|window_10
Q9BYW3,13,LLAQLVSG,4,0.8793,,sp|Q9BYW3|DB126_HUMAN|window_12
Q9BYW3,9,AVFMLLAQ,4,0.8754,,sp|Q9BYW3|DB126_HUMAN|window_8
Q9BYW3,12,MLLAQLVS,4,0.8623,,sp|Q9BYW3|DB126_HUMAN|window_11
Q9BYW3,90,TTLMMTTA,4,0.8421,,sp|Q9BYW3|DB126_HUMAN|window_89
Q9BYW3,14,LAQLVSGN,4,0.8414,,sp|Q9BYW3|DB126_HUMAN|window_13
Q9BYW3,92,LMMTTASM,4,0.8403,,sp|Q9BYW3|DB126_HUMAN|window_91
Q9BYW3,82,TVTATTAT,4,0.8364,,sp|Q9BYW3|DB126_HUMAN|window_81
Q9BYW3,81,STVTATTA,4,0.8348,,sp|Q9BYW3|DB126_HUMAN|window_80
Q9BYW3,83,VTATTATT,4,0.8335,,sp|Q9BYW3|DB126_HUMAN|window_82
Q9BYW3,91,TLMMTTAS,4,0.8331,,sp|Q9BYW3|DB126_HUMAN|window_90
Q9BYW3,80,ISTVTATT,4,0.8298,,sp|Q9BYW3|DB126_HUMAN|window_79
Q9BYW3,89,TTTLMMTT,4,0.8224,,sp|Q9BYW3|DB126_HUMAN|window_88
Q9BYW3,33,ICKKKCKP,4,0.8197,,sp|Q9BYW3|DB126_HUMAN|window_32
Q9BYW3,79,RISTVTAT,4,0.8137,,sp|Q9BYW3|DB126_HUMAN|window_78
Q9BYW3,6,FTLAVFML,4,0.8104,,sp|Q9BYW3|DB126_HUMAN|window_5
Q9BYW3,8,LAVFMLLA,4,0.8076,,sp|Q9BYW3|DB126_HUMAN|window_7
Q5GAN4,13,FWENEVND,4,0.8346,,sp|Q5GAN4|RNS12_HUMAN|window_12
Q5GAN4,11,LLFWENEV,4,0.8271,,sp|Q5GAN4|RNS12_HUMAN|window_10
Q5GAN4,10,VLLFWENE,4,0.8238,,sp|Q5GAN4|RNS12_HUMAN|window_9
Q5GAN4,12,LFWENEVN,4,0.8204,,sp|Q5GAN4|RNS12_HUMAN|window_11
Q5GAN4,8,FLVLLFWE,4,0.8197,,sp|Q5GAN4|RNS12_HUMAN|window_7
Q5GAN4,9,LVLLFWEN,4,0.8194,,sp|Q5GAN4|RNS12_HUMAN|window_8
P56851,15,LCILCTLL,4,0.8338,,sp|P56851|EP3B_HUMAN|window_14
P56851,17,ILCTLLVQ,4,0.8151,,sp|P56851|EP3B_HUMAN|window_16
P56851,14,LLCILCTL,4,0.8114,,sp|P56851|EP3B_HUMAN|window_13
P56851,5,LKIWGTLL,4,0.8045,,sp|P56851|EP3B_HUMAN|window_4
P56851,16,CILCTLLV,4,0.8044,,sp|P56851|EP3B_HUMAN|window_15
P56851,18,LCTLLVQS,4,0.8,,sp|P56851|EP3B_HUMAN|window_17
Q6UDR6,11,RFFIFCSL,4,0.8726,,sp|Q6UDR6|SPIT4_HUMAN|window_10
Q6UDR6,14,IFCSLNTL,4,0.8631,,sp|Q6UDR6|SPIT4_HUMAN|window_13
Q6UDR6,12,FFIFCSLN,4,0.8618,,sp|Q6UDR6|SPIT4_HUMAN|window_11
Q6UDR6,30,AEKICGDL,4,0.8592,,sp|Q6UDR6|SPIT4_HUMAN|window_29
Q6UDR6,10,LRFFIFCS,4,0.8547,,sp|Q6UDR6|SPIT4_HUMAN|window_9
Q6UDR6,6,LGFLLRFF,4,0.8505,,sp|Q6UDR6|SPIT4_HUMAN|window_5
Q6UDR6,28,KIAEKICG,4,0.8481,,sp|Q6UDR6|SPIT4_HUMAN|window_27
Q6UDR6,29,IAEKICGD,4,0.8416,,sp|Q6UDR6|SPIT4_HUMAN|window_28
Q6UDR6,9,LLRFFIFC,4,0.8381,,sp|Q6UDR6|SPIT4_HUMAN|window_8
Q6UDR6,18,LNTLLLGG,4,0.837,,sp|Q6UDR6|SPIT4_HUMAN|window_17
Q6UDR6,15,FCSLNTLL,4,0.8273,,sp|Q6UDR6|SPIT4_HUMAN|window_14
Q6UDR6,20,TLLLGGVN,4,0.8268,,sp|Q6UDR6|SPIT4_HUMAN|window_19
Q6UDR6,13,FIFCSLNT,4,0.8257,,sp|Q6UDR6|SPIT4_HUMAN|window_12
Q6UDR6,31,EKICGDLK,4,0.8238,,sp|Q6UDR6|SPIT4_HUMAN|window_30
Q6UDR6,17,SLNTLLLG,4,0.8125,,sp|Q6UDR6|SPIT4_HUMAN|window_16
Q6UDR6,8,FLLRFFIF,4,0.8114,,sp|Q6UDR6|SPIT4_HUMAN|window_7
Q6UDR6,24,GGVNKIAE,4,0.8046,,sp|Q6UDR6|SPIT4_HUMAN|window_23
Q6UDR6,21,LLLGGVNK,4,0.804,,sp|Q6UDR6|SPIT4_HUMAN|window_20
Q6UDR6,16,CSLNTLLL,4,0.8034,,sp|Q6UDR6|SPIT4_HUMAN|window_15
Q6UDR6,48,GSCYEVHF,4,0.8027,,sp|Q6UDR6|SPIT4_HUMAN|window_47
Q6UDR6,26,VNKIAEKI,4,0.8024,,sp|Q6UDR6|SPIT4_HUMAN|window_25
Q6UDR6,32,KICGDLKD,4,0.8008,,sp|Q6UDR6|SPIT4_HUMAN|window_31
Q6XZB0,25,SQLSVKDS,4,0.867,,sp|Q6XZB0|LIPI_HUMAN|window_24
Q6XZB0,27,LSVKDSFR,4,0.8333,,sp|Q6XZB0|LIPI_HUMAN|window_26
Q6XZB0,8,CLMCWVRS,4,0.8261,,sp|Q6XZB0|LIPI_HUMAN|window_7
Q6XZB0,26,QLSVKDSF,4,0.8124,,sp|Q6XZB0|LIPI_HUMAN|window_25
Q6XZB0,22,LEFSQLSV,4,0.8088,,sp|Q6XZB0|LIPI_HUMAN|window_21
Q6XZB0,7,LCLMCWVR,4,0.8026,,sp|Q6XZB0|LIPI_HUMAN|window_6
Q6XZB0,23,EFSQLSVK,4,0.8024,,sp|Q6XZB0|LIPI_HUMAN|window_22
A0A1B0GTR0,16,LFLGLAEA,4,0.9242,,sp|A0A1B0GTR0|EDD13_HUMAN|window_15
A0A1B0GTR0,13,LILLFLGL,4,0.9229,,sp|A0A1B0GTR0|EDD13_HUMAN|window_12
A0A1B0GTR0,14,ILLFLGLA,4,0.9203,,sp|A0A1B0GTR0|EDD13_HUMAN|window_13
A0A1B0GTR0,15,LLFLGLAE,4,0.9138,,sp|A0A1B0GTR0|EDD13_HUMAN|window_14
A0A1B0GTR0,17,FLGLAEAC,4,0.8962,,sp|A0A1B0GTR0|EDD13_HUMAN|window_16
A0A1B0GTR0,12,LLILLFLG,4,0.8535,,sp|A0A1B0GTR0|EDD13_HUMAN|window_11
A0A1B0GTR0,18,LGLAEACT,4,0.8271,,sp|A0A1B0GTR0|EDD13_HUMAN|window_17
A0A1B0GTR0,11,SLLILLFL,4,0.8206,,sp|A0A1B0GTR0|EDD13_HUMAN|window_10
A0A1B0GTR0,6,PFLKMSLL,4,0.8105,,sp|A0A1B0GTR0|EDD13_HUMAN|window_5
A0A1B0GTR0,7,FLKMSLLI,4,0.8017,,sp|A0A1B0GTR0|EDD13_HUMAN|window_6
Q8NET1,11,FFFMSQVL,4,0.8927,,sp|Q8NET1|D108B_HUMAN|window_10
Q8NET1,34,SCRDFCLE,4,0.8863,,sp|Q8NET1|D108B_HUMAN|window_33
Q8NET1,35,CRDFCLET,4,0.8773,,sp|Q8NET1|D108B_HUMAN|window_34
Q8NET1,63,PRIESTTP,4,0.8715,,sp|Q8NET1|D108B_HUMAN|window_62
Q8NET1,10,IFFFMSQV,4,0.8686,,sp|Q8NET1|D108B_HUMAN|window_9
Q8NET1,62,QPRIESTT,4,0.8628,,sp|Q8NET1|D108B_HUMAN|window_61
Q8NET1,12,FFMSQVLP,4,0.8608,,sp|Q8NET1|D108B_HUMAN|window_11
Q8NET1,36,RDFCLETE,4,0.8597,,sp|Q8NET1|D108B_HUMAN|window_35
Q8NET1,33,GSCRDFCL,4,0.8478,,sp|Q8NET1|D108B_HUMAN|window_32
Q8NET1,64,RIESTTPK,4,0.8458,,sp|Q8NET1|D108B_HUMAN|window_63
Q8NET1,61,HQPRIEST,4,0.8424,,sp|Q8NET1|D108B_HUMAN|window_60
Q8NET1,9,AIFFFMSQ,4,0.8357,,sp|Q8NET1|D108B_HUMAN|window_8
Q8NET1,8,FAIFFFMS,4,0.8284,,sp|Q8NET1|D108B_HUMAN|window_7
Q8NET1,32,NGSCRDFC,4,0.8081,,sp|Q8NET1|D108B_HUMAN|window_31
Q8NET1,18,LPARGKFK,4,0.8019,,sp|Q8NET1|D108B_HUMAN|window_17
Q5GAN3,18,TLVMDIKM,4,0.8675,,sp|Q5GAN3|RNS13_HUMAN|window_17
Q5GAN3,17,PTLVMDIK,4,0.8657,,sp|Q5GAN3|RNS13_HUMAN|window_16
Q5GAN3,19,LVMDIKMQ,4,0.8567,,sp|Q5GAN3|RNS13_HUMAN|window_18
Q5GAN3,11,LQLVLGPT,4,0.8523,,sp|Q5GAN3|RNS13_HUMAN|window_10
Q5GAN3,15,LGPTLVMD,4,0.8477,,sp|Q5GAN3|RNS13_HUMAN|window_14
Q5GAN3,16,GPTLVMDI,4,0.842,,sp|Q5GAN3|RNS13_HUMAN|window_15
Q5GAN3,8,LLFLQLVL,4,0.8269,,sp|Q5GAN3|RNS13_HUMAN|window_7
Q5GAN3,9,LFLQLVLG,4,0.8257,,sp|Q5GAN3|RNS13_HUMAN|window_8
Q5GAN3,10,FLQLVLGP,4,0.8218,,sp|Q5GAN3|RNS13_HUMAN|window_9
Q5GAN3,20,VMDIKMQI,4,0.8124,,sp|Q5GAN3|RNS13_HUMAN|window_19
Q5GAN3,12,QLVLGPTL,4,0.8016,,sp|Q5GAN3|RNS13_HUMAN|window_11
E9PI22,239,MELLCTSS,4,0.9095,,sp|E9PI22|P23D1_HUMAN|window_238
E9PI22,208,RAAFPQCY,4,0.8965,,sp|E9PI22|P23D1_HUMAN|window_207
E9PI22,238,GMELLCTS,4,0.8965,,sp|E9PI22|P23D1_HUMAN|window_237
E9PI22,5,RRLRSPRD,4,0.8924,,sp|E9PI22|P23D1_HUMAN|window_4
E9PI22,6,RLRSPRDS,4,0.8886,,sp|E9PI22|P23D1_HUMAN|window_5
E9PI22,207,CRAAFPQC,4,0.8885,,sp|E9PI22|P23D1_HUMAN|window_206
E9PI22,3,GYRRLRSP,4,0.8826,,sp|E9PI22|P23D1_HUMAN|window_2
E9PI22,237,HGMELLCT,4,0.8818,,sp|E9PI22|P23D1_HUMAN|window_236
E9PI22,4,YRRLRSPR,4,0.8809,,sp|E9PI22|P23D1_HUMAN|window_3
E9PI22,241,LLCTSSLR,4,0.8806,,sp|E9PI22|P23D1_HUMAN|window_240
E9PI22,62,YQSLELPQ,4,0.8747,,sp|E9PI22|P23D1_HUMAN|window_61
E9PI22,206,RCRAAFPQ,4,0.8738,,sp|E9PI22|P23D1_HUMAN|window_205
E9PI22,240,ELLCTSSL,4,0.8718,,sp|E9PI22|P23D1_HUMAN|window_239
E9PI22,63,QSLELPQN,4,0.8713,,sp|E9PI22|P23D1_HUMAN|window_62
E9PI22,210,AFPQCYPL,4,0.8701,,sp|E9PI22|P23D1_HUMAN|window_209
E9PI22,36,KRRQVEQG,4,0.8681,,sp|E9PI22|P23D1_HUMAN|window_35
E9PI22,209,AAFPQCYP,4,0.868,,sp|E9PI22|P23D1_HUMAN|window_208
E9PI22,205,PRCRAAFP,4,0.8657,,sp|E9PI22|P23D1_HUMAN|window_204
E9PI22,59,LNSYQSLE,4,0.8615,,sp|E9PI22|P23D1_HUMAN|window_58
E9PI22,61,SYQSLELP,4,0.8614,,sp|E9PI22|P23D1_HUMAN|window_60
E9PI22,7,LRSPRDSQ,4,0.8613,,sp|E9PI22|P23D1_HUMAN|window_6
E9PI22,196,SFLVTPLC,4,0.8588,,sp|E9PI22|P23D1_HUMAN|window_195
E9PI22,197,FLVTPLCI,4,0.8561,,sp|E9PI22|P23D1_HUMAN|window_196
E9PI22,198,LVTPLCIP,4,0.8517,,sp|E9PI22|P23D1_HUMAN|window_197
E9PI22,60,NSYQSLEL,4,0.8509,,sp|E9PI22|P23D1_HUMAN|window_59
E9PI22,195,PSFLVTPL,4,0.8498,,sp|E9PI22|P23D1_HUMAN|window_194
E9PI22,2,YGYRRLRS,4,0.8489,,sp|E9PI22|P23D1_HUMAN|window_1
E9PI22,37,RRQVEQGP,4,0.8473,,sp|E9PI22|P23D1_HUMAN|window_36
E9PI22,49,KKPSISGA,4,0.8467,,sp|E9PI22|P23D1_HUMAN|window_48
E9PI22,15,TEPQNDNE,4,0.8431,,sp|E9PI22|P23D1_HUMAN|window_14
E9PI22,58,HLNSYQSL,4,0.8427,,sp|E9PI22|P23D1_HUMAN|window_57
E9PI22,204,IPRCRAAF,4,0.842,,sp|E9PI22|P23D1_HUMAN|window_203
E9PI22,199,VTPLCIPR,4,0.8411,,sp|E9PI22|P23D1_HUMAN|window_198
E9PI22,1,MYGYRRLR,4,0.8404,,sp|E9PI22|P23D1_HUMAN|window_0
E9PI22,183,MIPQANHM,4,0.84,,sp|E9PI22|P23D1_HUMAN|window_182
E9PI22,30,TQMNPPKR,4,0.8391,,sp|E9PI22|P23D1_HUMAN|window_29
E9PI22,35,PKRRQVEQ,4,0.836,,sp|E9PI22|P23D1_HUMAN|window_34
E9PI22,50,KPSISGAP,4,0.8354,,sp|E9PI22|P23D1_HUMAN|window_49
E9PI22,13,SQTEPQND,4,0.8311,,sp|E9PI22|P23D1_HUMAN|window_12
E9PI22,14,QTEPQNDN,4,0.8306,,sp|E9PI22|P23D1_HUMAN|window_13
E9PI22,236,LHGMELLC,4,0.83,,sp|E9PI22|P23D1_HUMAN|window_235
E9PI22,27,LATTQMNP,4,0.8297,,sp|E9PI22|P23D1_HUMAN|window_26
E9PI22,122,VLRSEDGL,4,0.8295,,sp|E9PI22|P23D1_HUMAN|window_121
E9PI22,29,TTQMNPPK,4,0.8294,,sp|E9PI22|P23D1_HUMAN|window_28
E9PI22,193,ISPSFLVT,4,0.8279,,sp|E9PI22|P23D1_HUMAN|window_192
E9PI22,28,ATTQMNPP,4,0.8273,,sp|E9PI22|P23D1_HUMAN|window_27
E9PI22,8,RSPRDSQT,4,0.827,,sp|E9PI22|P23D1_HUMAN|window_7
E9PI22,39,QVEQGPST,4,0.8259,,sp|E9PI22|P23D1_HUMAN|window_38
E9PI22,38,RQVEQGPS,4,0.8251,,sp|E9PI22|P23D1_HUMAN|window_37
E9PI22,57,PHLNSYQS,4,0.8218,,sp|E9PI22|P23D1_HUMAN|window_56
E9PI22,16,EPQNDNEG,4,0.8215,,sp|E9PI22|P23D1_HUMAN|window_15
E9PI22,242,LCTSSLRP,4,0.8196,,sp|E9PI22|P23D1_HUMAN|window_241
E9PI22,184,IPQANHMA,4,0.8185,,sp|E9PI22|P23D1_HUMAN|window_183
E9PI22,203,CIPRCRAA,4,0.8184,,sp|E9PI22|P23D1_HUMAN|window_202
E9PI22,96,VILILAPE,4,0.8156,,sp|E9PI22|P23D1_HUMAN|window_95
E9PI22,26,SLATTQMN,4,0.8138,,sp|E9PI22|P23D1_HUMAN|window_25
E9PI22,25,TSLATTQM,4,0.8138,,sp|E9PI22|P23D1_HUMAN|window_24
E9PI22,121,HVLRSEDG,4,0.8135,,sp|E9PI22|P23D1_HUMAN|window_120
E9PI22,18,QNDNEGET,4,0.8116,,sp|E9PI22|P23D1_HUMAN|window_17
E9PI22,32,MNPPKRRQ,4,0.8112,,sp|E9PI22|P23D1_HUMAN|window_31
E9PI22,31,QMNPPKRR,4,0.8109,,sp|E9PI22|P23D1_HUMAN|window_30
E9PI22,17,PQNDNEGE,4,0.8101,,sp|E9PI22|P23D1_HUMAN|window_16
E9PI22,33,NPPKRRQV,4,0.8088,,sp|E9PI22|P23D1_HUMAN|window_32
E9PI22,243,CTSSLRPM,4,0.8087,,sp|E9PI22|P23D1_HUMAN|window_242
E9PI22,234,FSLHGMEL,4,0.8076,,sp|E9PI22|P23D1_HUMAN|window_233
E9PI22,34,PPKRRQVE,4,0.8039,,sp|E9PI22|P23D1_HUMAN|window_33
E9PI22,48,AKKPSISG,4,0.8037,,sp|E9PI22|P23D1_HUMAN|window_47
E9PI22,179,QQPLMIPQ,4,0.8027,,sp|E9PI22|P23D1_HUMAN|window_178
Q6UWE3,16,VLPLWSAL,4,0.8931,,sp|Q6UWE3|COLL2_HUMAN|window_15
Q6UWE3,8,VAGVLSGA,4,0.8921,,sp|Q6UWE3|COLL2_HUMAN|window_7
Q6UWE3,17,LPLWSALP,4,0.8843,,sp|Q6UWE3|COLL2_HUMAN|window_16
Q6UWE3,10,GVLSGAVL,4,0.8799,,sp|Q6UWE3|COLL2_HUMAN|window_9
Q6UWE3,18,PLWSALPQ,4,0.8783,,sp|Q6UWE3|COLL2_HUMAN|window_17
Q6UWE3,15,AVLPLWSA,4,0.8737,,sp|Q6UWE3|COLL2_HUMAN|window_14
Q6UWE3,9,AGVLSGAV,4,0.8659,,sp|Q6UWE3|COLL2_HUMAN|window_8
Q6UWE3,11,VLSGAVLP,4,0.8558,,sp|Q6UWE3|COLL2_HUMAN|window_10
Q6UWE3,7,LVAGVLSG,4,0.8531,,sp|Q6UWE3|COLL2_HUMAN|window_6
Q6UWE3,4,ALALVAGV,4,0.8481,,sp|Q6UWE3|COLL2_HUMAN|window_3
Q6UWE3,1,MAAALALV,4,0.844,,sp|Q6UWE3|COLL2_HUMAN|window_0
Q6UWE3,5,LALVAGVL,4,0.8422,,sp|Q6UWE3|COLL2_HUMAN|window_4
Q6UWE3,19,LWSALPQY,4,0.8413,,sp|Q6UWE3|COLL2_HUMAN|window_18
Q6UWE3,2,AAALALVA,4,0.841,,sp|Q6UWE3|COLL2_HUMAN|window_1
Q6UWE3,14,GAVLPLWS,4,0.8332,,sp|Q6UWE3|COLL2_HUMAN|window_13
Q6UWE3,6,ALVAGVLS,4,0.8237,,sp|Q6UWE3|COLL2_HUMAN|window_5
Q6UWE3,3,AALALVAG,4,0.8166,,sp|Q6UWE3|COLL2_HUMAN|window_2
Q6UWE3,20,WSALPQYK,4,0.8162,,sp|Q6UWE3|COLL2_HUMAN|window_19
Q6UWE3,12,LSGAVLPL,4,0.804,,sp|Q6UWE3|COLL2_HUMAN|window_11
A0A096LNP1,10,VLSLMSTV,4,0.9142,,sp|A0A096LNP1|D131B_HUMAN|window_9
A0A096LNP1,9,GVLSLMST,4,0.9116,,sp|A0A096LNP1|D131B_HUMAN|window_8
A0A096LNP1,19,PTRSFTSN,4,0.9066,,sp|A0A096LNP1|D131B_HUMAN|window_18
A0A096LNP1,20,TRSFTSND,4,0.9046,,sp|A0A096LNP1|D131B_HUMAN|window_19
A0A096LNP1,35,HCRLKCNA,4,0.8936,,sp|A0A096LNP1|D131B_HUMAN|window_34
A0A096LNP1,21,RSFTSNDE,4,0.8913,,sp|A0A096LNP1|D131B_HUMAN|window_20
A0A096LNP1,11,LSLMSTVP,4,0.8906,,sp|A0A096LNP1|D131B_HUMAN|window_10
A0A096LNP1,18,PPTRSFTS,4,0.8902,,sp|A0A096LNP1|D131B_HUMAN|window_17
A0A096LNP1,17,VPPTRSFT,4,0.8898,,sp|A0A096LNP1|D131B_HUMAN|window_16
A0A096LNP1,36,CRLKCNAD,4,0.8869,,sp|A0A096LNP1|D131B_HUMAN|window_35
A0A096LNP1,8,FGVLSLMS,4,0.8857,,sp|A0A096LNP1|D131B_HUMAN|window_7
A0A096LNP1,12,SLMSTVPP,4,0.8812,,sp|A0A096LNP1|D131B_HUMAN|window_11
A0A096LNP1,7,VFGVLSLM,4,0.8809,,sp|A0A096LNP1|D131B_HUMAN|window_6
A0A096LNP1,22,SFTSNDEC,4,0.8763,,sp|A0A096LNP1|D131B_HUMAN|window_21
A0A096LNP1,3,VLFFVFGV,4,0.8751,,sp|A0A096LNP1|D131B_HUMAN|window_2
A0A096LNP1,34,YHCRLKCN,4,0.8586,,sp|A0A096LNP1|D131B_HUMAN|window_33
A0A096LNP1,6,FVFGVLSL,4,0.8488,,sp|A0A096LNP1|D131B_HUMAN|window_5
A0A096LNP1,2,RVLFFVFG,4,0.8487,,sp|A0A096LNP1|D131B_HUMAN|window_1
A0A096LNP1,4,LFFVFGVL,4,0.8377,,sp|A0A096LNP1|D131B_HUMAN|window_3
A0A096LNP1,23,FTSNDECP,4,0.8373,,sp|A0A096LNP1|D131B_HUMAN|window_22
A0A096LNP1,62,IQIDGQKK,4,0.8361,,sp|A0A096LNP1|D131B_HUMAN|window_61
A0A096LNP1,61,IIQIDGQK,4,0.8294,,sp|A0A096LNP1|D131B_HUMAN|window_60
A0A096LNP1,37,RLKCNADE,4,0.8206,,sp|A0A096LNP1|D131B_HUMAN|window_36
A0A096LNP1,13,LMSTVPPT,4,0.8187,,sp|A0A096LNP1|D131B_HUMAN|window_12
A0A096LNP1,1,MRVLFFVF,4,0.8125,,sp|A0A096LNP1|D131B_HUMAN|window_0
A0A096LNP1,5,FFVFGVLS,4,0.8073,,sp|A0A096LNP1|D131B_HUMAN|window_4
A0A096LNP1,16,TVPPTRSF,4,0.8029,,sp|A0A096LNP1|D131B_HUMAN|window_15
P62502,8,AFLALVSV,4,0.8845,,sp|P62502|LCN6_HUMAN|window_7
P62502,7,AAFLALVS,4,0.8762,,sp|P62502|LCN6_HUMAN|window_6
P62502,6,LAAFLALV,4,0.8596,,sp|P62502|LCN6_HUMAN|window_5
P62502,5,LLAAFLAL,4,0.8391,,sp|P62502|LCN6_HUMAN|window_4
P62502,9,FLALVSVP,4,0.8334,,sp|P62502|LCN6_HUMAN|window_8
P62502,3,GLLLAAFL,4,0.8283,,sp|P62502|LCN6_HUMAN|window_2
P62502,4,LLLAAFLA,4,0.8263,,sp|P62502|LCN6_HUMAN|window_3
P62502,2,GGLLLAAF,4,0.8198,,sp|P62502|LCN6_HUMAN|window_1
Q075Z2,19,IFPVILNE,4,0.9487,,sp|Q075Z2|BSPH1_HUMAN|window_18
Q075Z2,17,ACIFPVIL,4,0.9447,,sp|Q075Z2|BSPH1_HUMAN|window_16
Q075Z2,18,CIFPVILN,4,0.9424,,sp|Q075Z2|BSPH1_HUMAN|window_17
Q075Z2,20,FPVILNEL,4,0.9392,,sp|Q075Z2|BSPH1_HUMAN|window_19
Q075Z2,21,PVILNELS,4,0.9334,,sp|Q075Z2|BSPH1_HUMAN|window_20
Q075Z2,22,VILNELSS,4,0.9316,,sp|Q075Z2|BSPH1_HUMAN|window_21
Q075Z2,16,SACIFPVI,4,0.9312,,sp|Q075Z2|BSPH1_HUMAN|window_15
Q075Z2,15,SSACIFPV,4,0.928,,sp|Q075Z2|BSPH1_HUMAN|window_14
Q075Z2,23,ILNELSST,4,0.9136,,sp|Q075Z2|BSPH1_HUMAN|window_22
Q075Z2,24,LNELSSTV,4,0.9123,,sp|Q075Z2|BSPH1_HUMAN|window_23
Q075Z2,14,NSSACIFP,4,0.898,,sp|Q075Z2|BSPH1_HUMAN|window_13
Q075Z2,27,LSSTVETI,4,0.8952,,sp|Q075Z2|BSPH1_HUMAN|window_26
Q075Z2,26,ELSSTVET,4,0.8873,,sp|Q075Z2|BSPH1_HUMAN|window_25
Q075Z2,25,NELSSTVE,4,0.876,,sp|Q075Z2|BSPH1_HUMAN|window_24
Q075Z2,13,RNSSACIF,4,0.8733,,sp|Q075Z2|BSPH1_HUMAN|window_12
Q075Z2,29,STVETITH,4,0.8537,,sp|Q075Z2|BSPH1_HUMAN|window_28
Q075Z2,30,TVETITHF,4,0.8489,,sp|Q075Z2|BSPH1_HUMAN|window_29
Q075Z2,7,LFVETTRN,4,0.843,,sp|Q075Z2|BSPH1_HUMAN|window_6
Q075Z2,5,MLLFVETT,4,0.8324,,sp|Q075Z2|BSPH1_HUMAN|window_4
Q075Z2,4,LMLLFVET,4,0.8322,,sp|Q075Z2|BSPH1_HUMAN|window_3
Q075Z2,28,SSTVETIT,4,0.8289,,sp|Q075Z2|BSPH1_HUMAN|window_27
Q075Z2,9,VETTRNSS,4,0.8261,,sp|Q075Z2|BSPH1_HUMAN|window_8
Q075Z2,8,FVETTRNS,4,0.8258,,sp|Q075Z2|BSPH1_HUMAN|window_7
Q075Z2,12,TRNSSACI,4,0.8238,,sp|Q075Z2|BSPH1_HUMAN|window_11
Q075Z2,11,TTRNSSAC,4,0.8213,,sp|Q075Z2|BSPH1_HUMAN|window_10
Q075Z2,31,VETITHFP,4,0.8188,,sp|Q075Z2|BSPH1_HUMAN|window_30
Q075Z2,1,MGSLMLLF,4,0.8031,,sp|Q075Z2|BSPH1_HUMAN|window_0
A6NCL2,14,LLLLLGSM,4,0.9052,,sp|A6NCL2|LRCL1_HUMAN|window_13
A6NCL2,27,QKKLNLSH,4,0.9036,,sp|A6NCL2|LRCL1_HUMAN|window_26
A6NCL2,15,LLLLGSMA,4,0.8986,,sp|A6NCL2|LRCL1_HUMAN|window_14
A6NCL2,28,KKLNLSHK,4,0.8946,,sp|A6NCL2|LRCL1_HUMAN|window_27
A6NCL2,13,LLLLLLGS,4,0.8778,,sp|A6NCL2|LRCL1_HUMAN|window_12
A6NCL2,16,LLLGSMAG,4,0.8641,,sp|A6NCL2|LRCL1_HUMAN|window_15
A6NCL2,29,KLNLSHKG,4,0.86,,sp|A6NCL2|LRCL1_HUMAN|window_28
A6NCL2,17,LLGSMAGY,4,0.8516,,sp|A6NCL2|LRCL1_HUMAN|window_16
A6NCL2,12,LLLLLLLG,4,0.8513,,sp|A6NCL2|LRCL1_HUMAN|window_11
A6NCL2,26,PQKKLNLS,4,0.85,,sp|A6NCL2|LRCL1_HUMAN|window_25
A6NCL2,104,CTPQSVFL,4,0.8434,,sp|A6NCL2|LRCL1_HUMAN|window_103
A6NCL2,11,LLLLLLLL,4,0.8379,,sp|A6NCL2|LRCL1_HUMAN|window_10
A6NCL2,106,PQSVFLQC,4,0.8367,,sp|A6NCL2|LRCL1_HUMAN|window_105
A6NCL2,105,TPQSVFLQ,4,0.8303,,sp|A6NCL2|LRCL1_HUMAN|window_104
A6NCL2,25,GPQKKLNL,4,0.8232,,sp|A6NCL2|LRCL1_HUMAN|window_24
A6NCL2,18,LGSMAGYG,4,0.8164,,sp|A6NCL2|LRCL1_HUMAN|window_17
A6NCL2,10,LLLLLLLL,4,0.8118,,sp|A6NCL2|LRCL1_HUMAN|window_9
A6NCL2,102,ELCTPQSV,4,0.8085,,sp|A6NCL2|LRCL1_HUMAN|window_101
A6NCL2,103,LCTPQSVF,4,0.8079,,sp|A6NCL2|LRCL1_HUMAN|window_102
Q6JVE9,13,VTLVAGAV,4,0.9393,,sp|Q6JVE9|LCN8_HUMAN|window_12
Q6JVE9,12,TVTLVAGA,4,0.9321,,sp|Q6JVE9|LCN8_HUMAN|window_11
Q6JVE9,15,LVAGAVPP,4,0.9284,,sp|Q6JVE9|LCN8_HUMAN|window_14
Q6JVE9,14,TLVAGAVP,4,0.9235,,sp|Q6JVE9|LCN8_HUMAN|window_13
Q6JVE9,11,VTVTLVAG,4,0.9133,,sp|Q6JVE9|LCN8_HUMAN|window_10
Q6JVE9,2,PGAAEALP,4,0.8917,,sp|Q6JVE9|LCN8_HUMAN|window_1
Q6JVE9,3,GAAEALPT,4,0.8914,,sp|Q6JVE9|LCN8_HUMAN|window_2
Q6JVE9,10,TVTVTLVA,4,0.8811,,sp|Q6JVE9|LCN8_HUMAN|window_9
Q6JVE9,1,MPGAAEAL,4,0.8718,,sp|Q6JVE9|LCN8_HUMAN|window_0
Q6JVE9,16,VAGAVPPA,4,0.8639,,sp|Q6JVE9|LCN8_HUMAN|window_15
Q6JVE9,4,AAEALPTV,4,0.853,,sp|Q6JVE9|LCN8_HUMAN|window_3
Q6JVE9,9,PTVTVTLV,4,0.8259,,sp|Q6JVE9|LCN8_HUMAN|window_8
Q8IUB5,27,RVLKYILE,4,0.9688,,sp|Q8IUB5|WFD13_HUMAN|window_26
Q8IUB5,26,QRVLKYIL,4,0.9671,,sp|Q8IUB5|WFD13_HUMAN|window_25
Q8IUB5,28,VLKYILEP,4,0.9629,,sp|Q8IUB5|WFD13_HUMAN|window_27
Q8IUB5,25,KQRVLKYI,4,0.9567,,sp|Q8IUB5|WFD13_HUMAN|window_24
Q8IUB5,29,LKYILEPP,4,0.9551,,sp|Q8IUB5|WFD13_HUMAN|window_28
Q8IUB5,24,PKQRVLKY,4,0.9451,,sp|Q8IUB5|WFD13_HUMAN|window_23
Q8IUB5,30,KYILEPPP,4,0.9028,,sp|Q8IUB5|WFD13_HUMAN|window_29
Q8IUB5,13,FCLALQLV,4,0.9026,,sp|Q8IUB5|WFD13_HUMAN|window_12
Q8IUB5,12,VFCLALQL,4,0.896,,sp|Q8IUB5|WFD13_HUMAN|window_11
Q8IUB5,23,SPKQRVLK,4,0.8898,,sp|Q8IUB5|WFD13_HUMAN|window_22
Q8IUB5,11,VVFCLALQ,4,0.8808,,sp|Q8IUB5|WFD13_HUMAN|window_10
Q8IUB5,15,LALQLVPG,4,0.8718,,sp|Q8IUB5|WFD13_HUMAN|window_14
Q8IUB5,14,CLALQLVP,4,0.8676,,sp|Q8IUB5|WFD13_HUMAN|window_13
Q8IUB5,10,LVVFCLAL,4,0.8631,,sp|Q8IUB5|WFD13_HUMAN|window_9
Q8IUB5,37,PCISAPEN,4,0.8462,,sp|Q8IUB5|WFD13_HUMAN|window_36
Q8IUB5,39,ISAPENCT,4,0.8453,,sp|Q8IUB5|WFD13_HUMAN|window_38
Q8IUB5,9,FLVVFCLA,4,0.8428,,sp|Q8IUB5|WFD13_HUMAN|window_8
Q8IUB5,38,CISAPENC,4,0.8366,,sp|Q8IUB5|WFD13_HUMAN|window_37
Q8IUB5,4,VLPLQFLV,4,0.833,,sp|Q8IUB5|WFD13_HUMAN|window_3
Q8IUB5,40,SAPENCTH,4,0.8275,,sp|Q8IUB5|WFD13_HUMAN|window_39
Q8IUB5,7,LQFLVVFC,4,0.8273,,sp|Q8IUB5|WFD13_HUMAN|window_6
Q8IUB5,16,ALQLVPGS,4,0.8263,,sp|Q8IUB5|WFD13_HUMAN|window_15
Q8IUB5,3,PVLPLQFL,4,0.8105,,sp|Q8IUB5|WFD13_HUMAN|window_2
Q8IUB5,86,SEVIMPAN,4,0.8062,,sp|Q8IUB5|WFD13_HUMAN|window_85
Q8IUB5,6,PLQFLVVF,4,0.8012,,sp|Q8IUB5|WFD13_HUMAN|window_5
Q8IUB5,8,QFLVVFCL,4,0.8011,,sp|Q8IUB5|WFD13_HUMAN|window_7
Q8IUB5,5,LPLQFLVV,4,0.8007,,sp|Q8IUB5|WFD13_HUMAN|window_4
Q8IUB5,22,GSPKQRVL,4,0.8004,,sp|Q8IUB5|WFD13_HUMAN|window_21
Q96BH3,13,TFLLYSYE,4,0.8547,,sp|Q96BH3|ESPB1_HUMAN|window_12
Q96BH3,12,TTFLLYSY,4,0.8495,,sp|Q96BH3|ESPB1_HUMAN|window_11
Q96BH3,11,WTTFLLYS,4,0.8448,,sp|Q96BH3|ESPB1_HUMAN|window_10
Q96BH3,15,LLYSYESS,4,0.8433,,sp|Q96BH3|ESPB1_HUMAN|window_14
Q96BH3,16,LYSYESSG,4,0.8395,,sp|Q96BH3|ESPB1_HUMAN|window_15
Q96BH3,14,FLLYSYES,4,0.8378,,sp|Q96BH3|ESPB1_HUMAN|window_13
Q96BH3,4,WSSYLLGW,4,0.8308,,sp|Q96BH3|ESPB1_HUMAN|window_3
Q96BH3,3,RWSSYLLG,4,0.8301,,sp|Q96BH3|ESPB1_HUMAN|window_2
Q96BH3,5,SSYLLGWT,4,0.8104,,sp|Q96BH3|ESPB1_HUMAN|window_4
Q96BH3,9,LGWTTFLL,4,0.8043,,sp|Q96BH3|ESPB1_HUMAN|window_8
Q96BH3,10,GWTTFLLY,4,0.8042,,sp|Q96BH3|ESPB1_HUMAN|window_9
Q96BH3,7,YLLGWTTF,4,0.8009,,sp|Q96BH3|ESPB1_HUMAN|window_6
B3GLJ2,9,FLLYCLIV,4,0.8444,,sp|B3GLJ2|PATE3_HUMAN|window_8
B3GLJ2,10,LLYCLIVA,4,0.8416,,sp|B3GLJ2|PATE3_HUMAN|window_9
B3GLJ2,59,NTLQISYM,4,0.8406,,sp|B3GLJ2|PATE3_HUMAN|window_58
B3GLJ2,60,TLQISYMV,4,0.8398,,sp|B3GLJ2|PATE3_HUMAN|window_59
B3GLJ2,7,FLFLLYCL,4,0.8333,,sp|B3GLJ2|PATE3_HUMAN|window_6
B3GLJ2,8,LFLLYCLI,4,0.8198,,sp|B3GLJ2|PATE3_HUMAN|window_7
B3GLJ2,11,LYCLIVAV,4,0.8187,,sp|B3GLJ2|PATE3_HUMAN|window_10
B3GLJ2,6,LFLFLLYC,4,0.812,,sp|B3GLJ2|PATE3_HUMAN|window_5
B3GLJ2,1,MNKHFLFL,4,0.8036,,sp|B3GLJ2|PATE3_HUMAN|window_0
P31358,54,IIHLFCFS,4,0.8736,,sp|P31358|CD52_HUMAN|window_53
P31358,53,AIIHLFCF,4,0.8689,,sp|P31358|CD52_HUMAN|window_52
P31358,26,QNDTSQTS,4,0.8513,,sp|P31358|CD52_HUMAN|window_25
P31358,47,LFFVANAI,4,0.8362,,sp|P31358|CD52_HUMAN|window_46
P31358,52,NAIIHLFC,4,0.8282,,sp|P31358|CD52_HUMAN|window_51
P31358,28,DTSQTSSP,4,0.8237,,sp|P31358|CD52_HUMAN|window_27
P31358,48,FFVANAII,4,0.815,,sp|P31358|CD52_HUMAN|window_47
P31358,51,ANAIIHLF,4,0.8112,,sp|P31358|CD52_HUMAN|window_50
P31358,27,NDTSQTSS,4,0.8092,,sp|P31358|CD52_HUMAN|window_26
P31358,50,VANAIIHL,4,0.8055,,sp|P31358|CD52_HUMAN|window_49
P31358,25,GQNDTSQT,4,0.8013,,sp|P31358|CD52_HUMAN|window_24
P31358,45,IFLFFVAN,4,0.801,,sp|P31358|CD52_HUMAN|window_44
Q8N387,47,ISLESEAN,4,0.9324,,sp|Q8N387|MUC15_HUMAN|window_46
Q8N387,46,PISLESEA,4,0.9189,,sp|Q8N387|MUC15_HUMAN|window_45
Q8N387,131,LLPISAHP,4,0.9084,,sp|Q8N387|MUC15_HUMAN|window_130
Q8N387,51,SEANLNSD,4,0.907,,sp|Q8N387|MUC15_HUMAN|window_50
Q8N387,45,KPISLESE,4,0.9069,,sp|Q8N387|MUC15_HUMAN|window_44
Q8N387,50,ESEANLNS,4,0.9055,,sp|Q8N387|MUC15_HUMAN|window_49
Q8N387,49,LESEANLN,4,0.9036,,sp|Q8N387|MUC15_HUMAN|window_48
Q8N387,36,AEVFKTME,4,0.9032,,sp|Q8N387|MUC15_HUMAN|window_35
Q8N387,37,EVFKTMEN,4,0.9013,,sp|Q8N387|MUC15_HUMAN|window_36
Q8N387,38,VFKTMENK,4,0.8977,,sp|Q8N387|MUC15_HUMAN|window_37
Q8N387,35,IAEVFKTM,4,0.8959,,sp|Q8N387|MUC15_HUMAN|window_34
Q8N387,48,SLESEANL,4,0.8948,,sp|Q8N387|MUC15_HUMAN|window_47
Q8N387,53,ANLNSDKE,4,0.8908,,sp|Q8N387|MUC15_HUMAN|window_52
Q8N387,132,LPISAHPN,4,0.8862,,sp|Q8N387|MUC15_HUMAN|window_131
Q8N387,220,SKLFPNTS,4,0.8838,,sp|Q8N387|MUC15_HUMAN|window_219
Q8N387,112,LIHSFVSK,4,0.8815,,sp|Q8N387|MUC15_HUMAN|window_111
Q8N387,44,NKPISLES,4,0.8794,,sp|Q8N387|MUC15_HUMAN|window_43
Q8N387,124,APIADEDL,4,0.8791,,sp|Q8N387|MUC15_HUMAN|window_123
Q8N387,111,PLIHSFVS,4,0.8789,,sp|Q8N387|MUC15_HUMAN|window_110
Q8N387,222,LFPNTSDP,4,0.8771,,sp|Q8N387|MUC15_HUMAN|window_221
Q8N387,76,NLPNNSHG,4,0.8766,,sp|Q8N387|MUC15_HUMAN|window_75
Q8N387,221,KLFPNTSD,4,0.872,,sp|Q8N387|MUC15_HUMAN|window_220
Q8N387,34,NIAEVFKT,4,0.8712,,sp|Q8N387|MUC15_HUMAN|window_33
Q8N387,133,PISAHPNA,4,0.871,,sp|Q8N387|MUC15_HUMAN|window_132
Q8N387,126,IADEDLLP,4,0.8707,,sp|Q8N387|MUC15_HUMAN|window_125
Q8N387,52,EANLNSDK,4,0.8703,,sp|Q8N387|MUC15_HUMAN|window_51
Q8N387,125,PIADEDLL,4,0.869,,sp|Q8N387|MUC15_HUMAN|window_124
Q8N387,282,VLRLDNAP,4,0.8685,,sp|Q8N387|MUC15_HUMAN|window_281
Q8N387,134,ISAHPNAT,4,0.8679,,sp|Q8N387|MUC15_HUMAN|window_133
Q8N387,123,NAPIADED,4,0.8655,,sp|Q8N387|MUC15_HUMAN|window_122
Q8N387,73,PPLNLPNN,4,0.8609,,sp|Q8N387|MUC15_HUMAN|window_72
Q8N387,43,ENKPISLE,4,0.8581,,sp|Q8N387|MUC15_HUMAN|window_42
Q8N387,39,FKTMENKP,4,0.8573,,sp|Q8N387|MUC15_HUMAN|window_38
Q8N387,122,WNAPIADE,4,0.8568,,sp|Q8N387|MUC15_HUMAN|window_121
Q8N387,40,KTMENKPI,4,0.8559,,sp|Q8N387|MUC15_HUMAN|window_39
Q8N387,219,NSKLFPNT,4,0.8545,,sp|Q8N387|MUC15_HUMAN|window_218
Q8N387,113,IHSFVSKV,4,0.8536,,sp|Q8N387|MUC15_HUMAN|window_112
Q8N387,33,QNIAEVFK,4,0.8525,,sp|Q8N387|MUC15_HUMAN|window_32
Q8N387,210,LQPTLKFT,4,0.8522,,sp|Q8N387|MUC15_HUMAN|window_209
Q8N387,166,ITVSILSS,4,0.8516,,sp|Q8N387|MUC15_HUMAN|window_165
Q8N387,75,LNLPNNSH,4,0.8499,,sp|Q8N387|MUC15_HUMAN|window_74
Q8N387,14,FYSLLSGS,4,0.8475,,sp|Q8N387|MUC15_HUMAN|window_13
Q8N387,42,MENKPISL,4,0.8468,,sp|Q8N387|MUC15_HUMAN|window_41
Q8N387,281,PVLRLDNA,4,0.846,,sp|Q8N387|MUC15_HUMAN|window_280
Q8N387,15,YSLLSGSH,4,0.8453,,sp|Q8N387|MUC15_HUMAN|window_14
Q8N387,86,DFSSNSSA,4,0.8448,,sp|Q8N387|MUC15_HUMAN|window_85
Q8N387,77,LPNNSHGI,4,0.8437,,sp|Q8N387|MUC15_HUMAN|window_76
Q8N387,136,AHPNATPA,4,0.8422,,sp|Q8N387|MUC15_HUMAN|window_135
Q8N387,93,AEHSLGSL,4,0.842,,sp|Q8N387|MUC15_HUMAN|window_92
Q8N387,66,NLKASHSP,4,0.8415,,sp|Q8N387|MUC15_HUMAN|window_65
Q8N387,110,PPLIHSFV,4,0.84,,sp|Q8N387|MUC15_HUMAN|window_109
Q8N387,41,TMENKPIS,4,0.8391,,sp|Q8N387|MUC15_HUMAN|window_40
Q8N387,65,SNLKASHS,4,0.8389,,sp|Q8N387|MUC15_HUMAN|window_64
Q8N387,67,LKASHSPP,4,0.8375,,sp|Q8N387|MUC15_HUMAN|window_66
Q8N387,55,LNSDKENI,4,0.8374,,sp|Q8N387|MUC15_HUMAN|window_54
Q8N387,72,SPPLNLPN,4,0.8365,,sp|Q8N387|MUC15_HUMAN|window_71
Q8N387,130,DLLPISAH,4,0.8356,,sp|Q8N387|MUC15_HUMAN|window_129
Q8N387,283,LRLDNAPE,4,0.8355,,sp|Q8N387|MUC15_HUMAN|window_282
Q8N387,117,VSKVPWNA,4,0.8312,,sp|Q8N387|MUC15_HUMAN|window_116
Q8N387,84,ITDFSSNS,4,0.8304,,sp|Q8N387|MUC15_HUMAN|window_83
Q8N387,211,QPTLKFTN,4,0.8283,,sp|Q8N387|MUC15_HUMAN|window_210
Q8N387,94,EHSLGSLK,4,0.8274,,sp|Q8N387|MUC15_HUMAN|window_93
Q8N387,74,PLNLPNNS,4,0.8268,,sp|Q8N387|MUC15_HUMAN|window_73
Q8N387,167,TVSILSSE,4,0.8257,,sp|Q8N387|MUC15_HUMAN|window_166
Q8N387,218,NNSKLFPN,4,0.8246,,sp|Q8N387|MUC15_HUMAN|window_217
Q8N387,135,SAHPNATP,4,0.824,,sp|Q8N387|MUC15_HUMAN|window_134
Q8N387,96,SLGSLKPT,4,0.8228,,sp|Q8N387|MUC15_HUMAN|window_95
Q8N387,85,TDFSSNSS,4,0.8224,,sp|Q8N387|MUC15_HUMAN|window_84
Q8N387,165,SITVSILS,4,0.8221,,sp|Q8N387|MUC15_HUMAN|window_164
Q8N387,68,KASHSPPL,4,0.8187,,sp|Q8N387|MUC15_HUMAN|window_67
Q8N387,129,EDLLPISA,4,0.818,,sp|Q8N387|MUC15_HUMAN|window_128
Q8N387,87,FSSNSSAE,4,0.817,,sp|Q8N387|MUC15_HUMAN|window_86
Q8N387,168,VSILSSEP,4,0.8161,,sp|Q8N387|MUC15_HUMAN|window_167
Q8N387,13,LFYSLLSG,4,0.8154,,sp|Q8N387|MUC15_HUMAN|window_12
Q8N387,120,VPWNAPIA,4,0.8146,,sp|Q8N387|MUC15_HUMAN|window_119
Q8N387,214,LKFTNNSK,4,0.8146,,sp|Q8N387|MUC15_HUMAN|window_213
Q8N387,83,GITDFSSN,4,0.8102,,sp|Q8N387|MUC15_HUMAN|window_82
Q8N387,32,TQNIAEVF,4,0.8084,,sp|Q8N387|MUC15_HUMAN|window_31
Q8N387,16,SLLSGSHG,4,0.808,,sp|Q8N387|MUC15_HUMAN|window_15
Q8N387,71,HSPPLNLP,4,0.8065,,sp|Q8N387|MUC15_HUMAN|window_70
Q8N387,12,TLFYSLLS,4,0.8063,,sp|Q8N387|MUC15_HUMAN|window_11
Q8N387,212,PTLKFTNN,4,0.8045,,sp|Q8N387|MUC15_HUMAN|window_211
Q8N387,119,KVPWNAPI,4,0.8031,,sp|Q8N387|MUC15_HUMAN|window_118
Q8N387,95,HSLGSLKP,4,0.8028,,sp|Q8N387|MUC15_HUMAN|window_94
Q8N387,64,TSNLKASH,4,0.8027,,sp|Q8N387|MUC15_HUMAN|window_63
Q8N387,127,ADEDLLPI,4,0.8008,,sp|Q8N387|MUC15_HUMAN|window_126
P0DP74,38,CRDKLCST,4,0.8863,,sp|P0DP74|D130A_HUMAN|window_37
P0DP74,39,RDKLCSTL,4,0.8747,,sp|P0DP74|D130A_HUMAN|window_38
P0DP74,10,LLLFVTLI,4,0.8742,,sp|P0DP74|D130A_HUMAN|window_9
P0DP74,37,VCRDKLCS,4,0.8731,,sp|P0DP74|D130A_HUMAN|window_36
P0DP74,9,VLLLFVTL,4,0.8702,,sp|P0DP74|D130A_HUMAN|window_8
P0DP74,12,LFVTLIPK,4,0.8561,,sp|P0DP74|D130A_HUMAN|window_11
P0DP74,11,LLFVTLIP,4,0.8417,,sp|P0DP74|D130A_HUMAN|window_10
P0DP74,8,SVLLLFVT,4,0.8194,,sp|P0DP74|D130A_HUMAN|window_7
P0DP74,40,DKLCSTLD,4,0.8018,,sp|P0DP74|D130A_HUMAN|window_39
P0DP73,38,CRDKLCST,4,0.8863,,sp|P0DP73|D130B_HUMAN|window_37
P0DP73,39,RDKLCSTL,4,0.8747,,sp|P0DP73|D130B_HUMAN|window_38
P0DP73,10,LLLFVTLI,4,0.8742,,sp|P0DP73|D130B_HUMAN|window_9
P0DP73,37,VCRDKLCS,4,0.8731,,sp|P0DP73|D130B_HUMAN|window_36
P0DP73,9,VLLLFVTL,4,0.8702,,sp|P0DP73|D130B_HUMAN|window_8
P0DP73,12,LFVTLIPK,4,0.8561,,sp|P0DP73|D130B_HUMAN|window_11
P0DP73,11,LLFVTLIP,4,0.8417,,sp|P0DP73|D130B_HUMAN|window_10
P0DP73,8,SVLLLFVT,4,0.8194,,sp|P0DP73|D130B_HUMAN|window_7
P0DP73,40,DKLCSTLD,4,0.8018,,sp|P0DP73|D130B_HUMAN|window_39
P54107,10,VAAACLLP,4,0.9114,,sp|P54107|CRIS1_HUMAN|window_9
P54107,9,LVAAACLL,4,0.8997,,sp|P54107|CRIS1_HUMAN|window_8
P54107,11,AAACLLPM,4,0.8956,,sp|P54107|CRIS1_HUMAN|window_10
P54107,8,FLVAAACL,4,0.8839,,sp|P54107|CRIS1_HUMAN|window_7
P54107,12,AACLLPML,4,0.874,,sp|P54107|CRIS1_HUMAN|window_11
P54107,7,LFLVAAAC,4,0.868,,sp|P54107|CRIS1_HUMAN|window_6
P54107,14,CLLPMLSM,4,0.8519,,sp|P54107|CRIS1_HUMAN|window_13
P54107,13,ACLLPMLS,4,0.8446,,sp|P54107|CRIS1_HUMAN|window_12
P54107,6,LLFLVAAA,4,0.8376,,sp|P54107|CRIS1_HUMAN|window_5
P54107,15,LLPMLSMK,4,0.8324,,sp|P54107|CRIS1_HUMAN|window_14
P54107,16,LPMLSMKK,4,0.8321,,sp|P54107|CRIS1_HUMAN|window_15
P32247,12,TLISITND,4,0.9315,,sp|P32247|BRS3_HUMAN|window_11
P32247,13,LISITNDT,4,0.9286,,sp|P32247|BRS3_HUMAN|window_12
P32247,15,SITNDTES,4,0.9223,,sp|P32247|BRS3_HUMAN|window_14
P32247,16,ITNDTESS,4,0.9214,,sp|P32247|BRS3_HUMAN|window_15
P32247,14,ISITNDTE,4,0.9194,,sp|P32247|BRS3_HUMAN|window_13
P32247,11,QTLISITN,4,0.9174,,sp|P32247|BRS3_HUMAN|window_10
P32247,23,SSSVVSND,4,0.9039,,sp|P32247|BRS3_HUMAN|window_22
P32247,17,TNDTESSS,4,0.8969,,sp|P32247|BRS3_HUMAN|window_16
P32247,22,SSSSVVSN,4,0.8925,,sp|P32247|BRS3_HUMAN|window_21
P32247,24,SSVVSNDN,4,0.8916,,sp|P32247|BRS3_HUMAN|window_23
P32247,26,VVSNDNTN,4,0.8878,,sp|P32247|BRS3_HUMAN|window_25
P32247,10,NQTLISIT,4,0.8855,,sp|P32247|BRS3_HUMAN|window_9
P32247,20,TESSSSVV,4,0.8694,,sp|P32247|BRS3_HUMAN|window_19
P32247,25,SVVSNDNT,4,0.8629,,sp|P32247|BRS3_HUMAN|window_24
P32247,27,VSNDNTNK,4,0.855,,sp|P32247|BRS3_HUMAN|window_26
P32247,33,NKGWSGDN,4,0.8524,,sp|P32247|BRS3_HUMAN|window_32
P32247,32,TNKGWSGD,4,0.8474,,sp|P32247|BRS3_HUMAN|window_31
P32247,4,RQPHSPNQ,4,0.8467,,sp|P32247|BRS3_HUMAN|window_3
P32247,21,ESSSSVVS,4,0.8464,,sp|P32247|BRS3_HUMAN|window_20
P32247,1,MAQRQPHS,4,0.8452,,sp|P32247|BRS3_HUMAN|window_0
P32247,363,TTLAVMGT,4,0.845,,sp|P32247|BRS3_HUMAN|window_362
P32247,364,TLAVMGTV,4,0.8413,,sp|P32247|BRS3_HUMAN|window_363
P32247,9,PNQTLISI,4,0.8393,,sp|P32247|BRS3_HUMAN|window_8
P32247,19,DTESSSSV,4,0.8388,,sp|P32247|BRS3_HUMAN|window_18
P32247,3,QRQPHSPN,4,0.8201,,sp|P32247|BRS3_HUMAN|window_2
P32247,2,AQRQPHSP,4,0.8179,,sp|P32247|BRS3_HUMAN|window_1
P32247,7,HSPNQTLI,4,0.8136,,sp|P32247|BRS3_HUMAN|window_6
P32247,6,PHSPNQTL,4,0.8113,,sp|P32247|BRS3_HUMAN|window_5
P32247,365,LAVMGTVP,4,0.8102,,sp|P32247|BRS3_HUMAN|window_364
P32247,362,LTTLAVMG,4,0.8094,,sp|P32247|BRS3_HUMAN|window_361
P32247,18,NDTESSSS,4,0.8071,,sp|P32247|BRS3_HUMAN|window_17
Q8NEX6,28,RKKRYDRK,4,0.9254,,sp|Q8NEX6|WFD11_HUMAN|window_27
Q8NEX6,27,MRKKRYDR,4,0.9253,,sp|Q8NEX6|WFD11_HUMAN|window_26
Q8NEX6,30,KRYDRKEL,4,0.9222,,sp|Q8NEX6|WFD11_HUMAN|window_29
Q8NEX6,31,RYDRKELL,4,0.9191,,sp|Q8NEX6|WFD11_HUMAN|window_30
Q8NEX6,29,KKRYDRKE,4,0.9108,,sp|Q8NEX6|WFD11_HUMAN|window_28
Q8NEX6,35,KELLLEEC,4,0.9095,,sp|Q8NEX6|WFD11_HUMAN|window_34
Q8NEX6,34,RKELLLEE,4,0.9068,,sp|Q8NEX6|WFD11_HUMAN|window_33
Q8NEX6,33,DRKELLLE,4,0.9043,,sp|Q8NEX6|WFD11_HUMAN|window_32
Q8NEX6,32,YDRKELLL,4,0.8996,,sp|Q8NEX6|WFD11_HUMAN|window_31
Q8NEX6,26,EMRKKRYD,4,0.8991,,sp|Q8NEX6|WFD11_HUMAN|window_25
Q8NEX6,19,VLLSVLGE,4,0.8708,,sp|Q8NEX6|WFD11_HUMAN|window_18
Q8NEX6,36,ELLLEECW,4,0.8687,,sp|Q8NEX6|WFD11_HUMAN|window_35
Q8NEX6,15,FFCTVLLS,4,0.8514,,sp|Q8NEX6|WFD11_HUMAN|window_14
Q8NEX6,37,LLLEECWG,4,0.8468,,sp|Q8NEX6|WFD11_HUMAN|window_36
Q8NEX6,20,LLSVLGEM,4,0.8461,,sp|Q8NEX6|WFD11_HUMAN|window_19
Q8NEX6,14,TFFCTVLL,4,0.846,,sp|Q8NEX6|WFD11_HUMAN|window_13
Q8NEX6,2,VSLMKLWI,4,0.8402,,sp|Q8NEX6|WFD11_HUMAN|window_1
Q8NEX6,23,VLGEMRKK,4,0.8341,,sp|Q8NEX6|WFD11_HUMAN|window_22
Q8NEX6,17,CTVLLSVL,4,0.8315,,sp|Q8NEX6|WFD11_HUMAN|window_16
Q8NEX6,25,GEMRKKRY,4,0.831,,sp|Q8NEX6|WFD11_HUMAN|window_24
Q8NEX6,24,LGEMRKKR,4,0.8309,,sp|Q8NEX6|WFD11_HUMAN|window_23
Q8NEX6,21,LSVLGEMR,4,0.825,,sp|Q8NEX6|WFD11_HUMAN|window_20
Q8NEX6,1,MVSLMKLW,4,0.8246,,sp|Q8NEX6|WFD11_HUMAN|window_0
Q8NEX6,18,TVLLSVLG,4,0.823,,sp|Q8NEX6|WFD11_HUMAN|window_17
Q8NEX6,13,MTFFCTVL,4,0.8228,,sp|Q8NEX6|WFD11_HUMAN|window_12
Q8NEX6,22,SVLGEMRK,4,0.8222,,sp|Q8NEX6|WFD11_HUMAN|window_21
Q8NEX6,16,FCTVLLSV,4,0.8196,,sp|Q8NEX6|WFD11_HUMAN|window_15
Q8NEX6,46,PNVKECTN,4,0.8139,,sp|Q8NEX6|WFD11_HUMAN|window_45
Q14507,17,ILCRLCVY,4,0.8451,,sp|Q14507|EP3A_HUMAN|window_16
Q14507,18,LCRLCVYS,4,0.8308,,sp|Q14507|EP3A_HUMAN|window_17
Q14507,16,CILCRLCV,4,0.803,,sp|Q14507|EP3A_HUMAN|window_15
Q14507,15,LCILCRLC,4,0.8009,,sp|Q14507|EP3A_HUMAN|window_14
Q6NT32,16,IWVLAAPT,4,0.8579,,sp|Q6NT32|EST5A_HUMAN|window_15
Q6NT32,15,AIWVLAAP,4,0.8491,,sp|Q6NT32|EST5A_HUMAN|window_14
Q6NT32,14,WAIWVLAA,4,0.8354,,sp|Q6NT32|EST5A_HUMAN|window_13
Q6NT32,335,IPSIIGVN,4,0.8344,,sp|Q6NT32|EST5A_HUMAN|window_334
Q6NT32,11,ILIWAIWV,4,0.8258,,sp|Q6NT32|EST5A_HUMAN|window_10
Q6NT32,336,PSIIGVNN,4,0.8185,,sp|Q6NT32|EST5A_HUMAN|window_335
Q6NT32,10,QILIWAIW,4,0.8135,,sp|Q6NT32|EST5A_HUMAN|window_9
Q6NT32,17,WVLAAPTK,4,0.8024,,sp|Q6NT32|EST5A_HUMAN|window_16
Q6NT32,6,VHPGQILI,4,0.8013,,sp|Q6NT32|EST5A_HUMAN|window_5
Q8N119,140,ARSRRSPR,4,0.9336,,sp|Q8N119|MMP21_HUMAN|window_139
Q8N119,139,RARSRRSP,4,0.9256,,sp|Q8N119|MMP21_HUMAN|window_138
Q8N119,11,LLLCWLAA,4,0.915,,sp|Q8N119|MMP21_HUMAN|window_10
Q8N119,141,RSRRSPRA,4,0.9131,,sp|Q8N119|MMP21_HUMAN|window_140
Q8N119,12,LLCWLAAP,4,0.9118,,sp|Q8N119|MMP21_HUMAN|window_11
Q8N119,138,PRARSRRS,4,0.9079,,sp|Q8N119|MMP21_HUMAN|window_137
Q8N119,13,LCWLAAPW,4,0.9016,,sp|Q8N119|MMP21_HUMAN|window_12
Q8N119,10,TLLLCWLA,4,0.8956,,sp|Q8N119|MMP21_HUMAN|window_9
Q8N119,29,HSRDRSDL,4,0.8868,,sp|Q8N119|MMP21_HUMAN|window_28
Q8N119,27,LFHSRDRS,4,0.8836,,sp|Q8N119|MMP21_HUMAN|window_26
Q8N119,26,SLFHSRDR,4,0.8818,,sp|Q8N119|MMP21_HUMAN|window_25
Q8N119,147,RAPLSLSR,4,0.8807,,sp|Q8N119|MMP21_HUMAN|window_146
Q8N119,144,RSPRAPLS,4,0.8778,,sp|Q8N119|MMP21_HUMAN|window_143
Q8N119,149,PLSLSRRG,4,0.8777,,sp|Q8N119|MMP21_HUMAN|window_148
Q8N119,24,PESLFHSR,4,0.8721,,sp|Q8N119|MMP21_HUMAN|window_23
Q8N119,28,FHSRDRSD,4,0.8714,,sp|Q8N119|MMP21_HUMAN|window_27
Q8N119,148,APLSLSRR,4,0.8707,,sp|Q8N119|MMP21_HUMAN|window_147
Q8N119,137,PPRARSRR,4,0.8704,,sp|Q8N119|MMP21_HUMAN|window_136
Q8N119,136,PPPRARSR,4,0.868,,sp|Q8N119|MMP21_HUMAN|window_135
Q8N119,9,PTLLLCWL,4,0.8679,,sp|Q8N119|MMP21_HUMAN|window_8
Q8N119,25,ESLFHSRD,4,0.867,,sp|Q8N119|MMP21_HUMAN|window_24
Q8N119,150,LSLSRRGW,4,0.8666,,sp|Q8N119|MMP21_HUMAN|window_149
Q8N119,146,PRAPLSLS,4,0.8648,,sp|Q8N119|MMP21_HUMAN|window_145
Q8N119,30,SRDRSDLE,4,0.8626,,sp|Q8N119|MMP21_HUMAN|window_29
Q8N119,142,SRRSPRAP,4,0.8586,,sp|Q8N119|MMP21_HUMAN|window_141
Q8N119,31,RDRSDLEP,4,0.8547,,sp|Q8N119|MMP21_HUMAN|window_30
Q8N119,14,CWLAAPWP,4,0.8536,,sp|Q8N119|MMP21_HUMAN|window_13
Q8N119,143,RRSPRAPL,4,0.8497,,sp|Q8N119|MMP21_HUMAN|window_142
Q8N119,145,SPRAPLSL,4,0.8455,,sp|Q8N119|MMP21_HUMAN|window_144
Q8N119,23,QPESLFHS,4,0.8447,,sp|Q8N119|MMP21_HUMAN|window_22
Q8N119,7,FRPTLLLC,4,0.8403,,sp|Q8N119|MMP21_HUMAN|window_6
Q8N119,8,RPTLLLCW,4,0.8363,,sp|Q8N119|MMP21_HUMAN|window_7
Q8N119,152,LSRRGWQP,4,0.8357,,sp|Q8N119|MMP21_HUMAN|window_151
Q8N119,64,GVWAAWGP,4,0.835,,sp|Q8N119|MMP21_HUMAN|window_63
Q8N119,151,SLSRRGWQ,4,0.8212,,sp|Q8N119|MMP21_HUMAN|window_150
Q8N119,32,DRSDLEPS,4,0.8063,,sp|Q8N119|MMP21_HUMAN|window_31
Q8N119,65,VWAAWGPS,4,0.8034,,sp|Q8N119|MMP21_HUMAN|window_64
Q8N119,331,GSFDTAFD,4,0.8015,,sp|Q8N119|MMP21_HUMAN|window_330
P59796,10,LVLFFLVG,4,0.8962,,sp|P59796|GPX6_HUMAN|window_9
P59796,8,SCLVLFFL,4,0.8916,,sp|P59796|GPX6_HUMAN|window_7
P59796,9,CLVLFFLV,4,0.888,,sp|P59796|GPX6_HUMAN|window_8
P59796,11,VLFFLVGF,4,0.8869,,sp|P59796|GPX6_HUMAN|window_10
P59796,12,LFFLVGFA,4,0.8624,,sp|P59796|GPX6_HUMAN|window_11
P59796,7,ASCLVLFF,4,0.8225,,sp|P59796|GPX6_HUMAN|window_6
P59796,6,QASCLVLF,4,0.8128,,sp|P59796|GPX6_HUMAN|window_5
P59796,13,FFLVGFAQ,4,0.8108,,sp|P59796|GPX6_HUMAN|window_12
P20155,14,AVTFAASL,4,0.9242,,sp|P20155|ISK2_HUMAN|window_13
P20155,15,VTFAASLI,4,0.9207,,sp|P20155|ISK2_HUMAN|window_14
P20155,13,LAVTFAAS,4,0.9204,,sp|P20155|ISK2_HUMAN|window_12
P20155,12,LLAVTFAA,4,0.9102,,sp|P20155|ISK2_HUMAN|window_11
P20155,16,TFAASLIP,4,0.8805,,sp|P20155|ISK2_HUMAN|window_15
P20155,11,LLLAVTFA,4,0.8757,,sp|P20155|ISK2_HUMAN|window_10
P20155,17,FAASLIPQ,4,0.8647,,sp|P20155|ISK2_HUMAN|window_16
P20155,25,FGLFSKYR,4,0.8581,,sp|P20155|ISK2_HUMAN|window_24
P20155,8,LALLLLAV,4,0.8563,,sp|P20155|ISK2_HUMAN|window_7
P20155,9,ALLLLAVT,4,0.8561,,sp|P20155|ISK2_HUMAN|window_8
P20155,10,LLLLAVTF,4,0.8552,,sp|P20155|ISK2_HUMAN|window_9
P20155,5,VLRLALLL,4,0.8342,,sp|P20155|ISK2_HUMAN|window_4
P20155,24,QFGLFSKY,4,0.834,,sp|P20155|ISK2_HUMAN|window_23
P20155,2,ALSVLRLA,4,0.8334,,sp|P20155|ISK2_HUMAN|window_1
P20155,3,LSVLRLAL,4,0.8296,,sp|P20155|ISK2_HUMAN|window_2
P20155,7,RLALLLLA,4,0.8168,,sp|P20155|ISK2_HUMAN|window_6
P20155,77,KIIRNGPC,4,0.8149,,sp|P20155|ISK2_HUMAN|window_76
P20155,18,AASLIPQF,4,0.8097,,sp|P20155|ISK2_HUMAN|window_17
P20155,27,LFSKYRTP,4,0.8048,,sp|P20155|ISK2_HUMAN|window_26
P20155,26,GLFSKYRT,4,0.8031,,sp|P20155|ISK2_HUMAN|window_25
Q8TAA1,14,VLAEASES,4,0.9462,,sp|Q8TAA1|RNS11_HUMAN|window_13
Q8TAA1,13,LVLAEASE,4,0.9401,,sp|Q8TAA1|RNS11_HUMAN|window_12
Q8TAA1,75,LLTFRSLH,4,0.9369,,sp|Q8TAA1|RNS11_HUMAN|window_74
Q8TAA1,76,LTFRSLHY,4,0.9319,,sp|Q8TAA1|RNS11_HUMAN|window_75
Q8TAA1,74,TLLTFRSL,4,0.923,,sp|Q8TAA1|RNS11_HUMAN|window_73
Q8TAA1,12,GLVLAEAS,4,0.9216,,sp|Q8TAA1|RNS11_HUMAN|window_11
Q8TAA1,11,LGLVLAEA,4,0.9132,,sp|Q8TAA1|RNS11_HUMAN|window_10
Q8TAA1,25,IIKEEFTD,4,0.9107,,sp|Q8TAA1|RNS11_HUMAN|window_24
Q8TAA1,57,LLVKNTSL,4,0.9099,,sp|Q8TAA1|RNS11_HUMAN|window_56
Q8TAA1,47,QTIEILMN,4,0.9093,,sp|Q8TAA1|RNS11_HUMAN|window_46
Q8TAA1,23,MKIIKEEF,4,0.9078,,sp|Q8TAA1|RNS11_HUMAN|window_22
Q8TAA1,35,MQYDMAKS,4,0.9048,,sp|Q8TAA1|RNS11_HUMAN|window_34
Q8TAA1,34,EMQYDMAK,4,0.9024,,sp|Q8TAA1|RNS11_HUMAN|window_33
Q8TAA1,77,TFRSLHYN,4,0.9022,,sp|Q8TAA1|RNS11_HUMAN|window_76
Q8TAA1,48,TIEILMNP,4,0.8989,,sp|Q8TAA1|RNS11_HUMAN|window_47
Q8TAA1,15,LAEASEST,4,0.8978,,sp|Q8TAA1|RNS11_HUMAN|window_14
Q8TAA1,49,IEILMNPI,4,0.8971,,sp|Q8TAA1|RNS11_HUMAN|window_48
Q8TAA1,73,STLLTFRS,4,0.8958,,sp|Q8TAA1|RNS11_HUMAN|window_72
Q8TAA1,55,PILLVKNT,4,0.8955,,sp|Q8TAA1|RNS11_HUMAN|window_54
Q8TAA1,58,LVKNTSLS,4,0.8954,,sp|Q8TAA1|RNS11_HUMAN|window_57
Q8TAA1,56,ILLVKNTS,4,0.895,,sp|Q8TAA1|RNS11_HUMAN|window_55
Q8TAA1,21,STMKIIKE,4,0.8941,,sp|Q8TAA1|RNS11_HUMAN|window_20
Q8TAA1,46,KQTIEILM,4,0.8937,,sp|Q8TAA1|RNS11_HUMAN|window_45
Q8TAA1,22,TMKIIKEE,4,0.8926,,sp|Q8TAA1|RNS11_HUMAN|window_21
Q8TAA1,33,EEMQYDMA,4,0.8921,,sp|Q8TAA1|RNS11_HUMAN|window_32
Q8TAA1,24,KIIKEEFT,4,0.8915,,sp|Q8TAA1|RNS11_HUMAN|window_23
Q8TAA1,62,TSLSMSKD,4,0.8897,,sp|Q8TAA1|RNS11_HUMAN|window_61
Q8TAA1,61,NTSLSMSK,4,0.8885,,sp|Q8TAA1|RNS11_HUMAN|window_60
Q8TAA1,10,SLGLVLAE,4,0.8883,,sp|Q8TAA1|RNS11_HUMAN|window_9
Q8TAA1,59,VKNTSLSM,4,0.8857,,sp|Q8TAA1|RNS11_HUMAN|window_58
Q8TAA1,26,IKEEFTDE,4,0.8847,,sp|Q8TAA1|RNS11_HUMAN|window_25
Q8TAA1,64,LSMSKDDM,4,0.8843,,sp|Q8TAA1|RNS11_HUMAN|window_63
Q8TAA1,60,KNTSLSMS,4,0.8839,,sp|Q8TAA1|RNS11_HUMAN|window_59
Q8TAA1,16,AEASESTM,4,0.8838,,sp|Q8TAA1|RNS11_HUMAN|window_15
Q8TAA1,32,DEEMQYDM,4,0.8827,,sp|Q8TAA1|RNS11_HUMAN|window_31
Q8TAA1,189,LMSWLVCG,4,0.8817,,sp|Q8TAA1|RNS11_HUMAN|window_188
Q8TAA1,190,MSWLVCGS,4,0.8814,,sp|Q8TAA1|RNS11_HUMAN|window_189
Q8TAA1,78,FRSLHYND,4,0.8792,,sp|Q8TAA1|RNS11_HUMAN|window_77
Q8TAA1,191,SWLVCGSK,4,0.8764,,sp|Q8TAA1|RNS11_HUMAN|window_190
Q8TAA1,27,KEEFTDEE,4,0.8686,,sp|Q8TAA1|RNS11_HUMAN|window_26
Q8TAA1,119,NFIRSSTE,4,0.8682,,sp|Q8TAA1|RNS11_HUMAN|window_118
Q8TAA1,51,ILMNPILL,4,0.864,,sp|Q8TAA1|RNS11_HUMAN|window_50
Q8TAA1,53,MNPILLVK,4,0.8636,,sp|Q8TAA1|RNS11_HUMAN|window_52
Q8TAA1,72,SSTLLTFR,4,0.8601,,sp|Q8TAA1|RNS11_HUMAN|window_71
Q8TAA1,36,QYDMAKSG,4,0.8599,,sp|Q8TAA1|RNS11_HUMAN|window_35
Q8TAA1,50,EILMNPIL,4,0.8598,,sp|Q8TAA1|RNS11_HUMAN|window_49
Q8TAA1,177,LEKILTVL,4,0.8592,,sp|Q8TAA1|RNS11_HUMAN|window_176
Q8TAA1,54,NPILLVKN,4,0.8574,,sp|Q8TAA1|RNS11_HUMAN|window_53
Q8TAA1,18,ASESTMKI,4,0.856,,sp|Q8TAA1|RNS11_HUMAN|window_17
Q8TAA1,17,EASESTMK,4,0.8551,,sp|Q8TAA1|RNS11_HUMAN|window_16
Q8TAA1,188,SLMSWLVC,4,0.8538,,sp|Q8TAA1|RNS11_HUMAN|window_187
Q8TAA1,31,TDEEMQYD,4,0.8535,,sp|Q8TAA1|RNS11_HUMAN|window_30
Q8TAA1,187,HSLMSWLV,4,0.853,,sp|Q8TAA1|RNS11_HUMAN|window_186
Q8TAA1,120,FIRSSTEV,4,0.848,,sp|Q8TAA1|RNS11_HUMAN|window_119
Q8TAA1,52,LMNPILLV,4,0.8466,,sp|Q8TAA1|RNS11_HUMAN|window_51
Q8TAA1,121,IRSSTEVM,4,0.8458,,sp|Q8TAA1|RNS11_HUMAN|window_120
Q8TAA1,30,FTDEEMQY,4,0.8458,,sp|Q8TAA1|RNS11_HUMAN|window_29
Q8TAA1,28,EEFTDEEM,4,0.8432,,sp|Q8TAA1|RNS11_HUMAN|window_27
Q8TAA1,63,SLSMSKDD,4,0.8422,,sp|Q8TAA1|RNS11_HUMAN|window_62
Q8TAA1,180,ILTVLTGH,4,0.8422,,sp|Q8TAA1|RNS11_HUMAN|window_179
Q8TAA1,176,SLEKILTV,4,0.8419,,sp|Q8TAA1|RNS11_HUMAN|window_175
Q8TAA1,178,EKILTVLT,4,0.8404,,sp|Q8TAA1|RNS11_HUMAN|window_177
Q8TAA1,192,WLVCGSKL,4,0.8404,,sp|Q8TAA1|RNS11_HUMAN|window_191
Q8TAA1,19,SESTMKII,4,0.8379,,sp|Q8TAA1|RNS11_HUMAN|window_18
Q8TAA1,179,KILTVLTG,4,0.8355,,sp|Q8TAA1|RNS11_HUMAN|window_178
Q8TAA1,71,MSSTLLTF,4,0.8343,,sp|Q8TAA1|RNS11_HUMAN|window_70
Q8TAA1,117,SNNFIRSS,4,0.8332,,sp|Q8TAA1|RNS11_HUMAN|window_116
Q8TAA1,20,ESTMKIIK,4,0.833,,sp|Q8TAA1|RNS11_HUMAN|window_19
Q8TAA1,29,EFTDEEMQ,4,0.8304,,sp|Q8TAA1|RNS11_HUMAN|window_28
Q8TAA1,45,EKQTIEIL,4,0.8294,,sp|Q8TAA1|RNS11_HUMAN|window_44
Q8TAA1,79,RSLHYNDP,4,0.8277,,sp|Q8TAA1|RNS11_HUMAN|window_78
Q8TAA1,9,LSLGLVLA,4,0.8221,,sp|Q8TAA1|RNS11_HUMAN|window_8
Q8TAA1,37,YDMAKSGQ,4,0.822,,sp|Q8TAA1|RNS11_HUMAN|window_36
Q8TAA1,175,TSLEKILT,4,0.8205,,sp|Q8TAA1|RNS11_HUMAN|window_174
Q8TAA1,122,RSSTEVMR,4,0.8102,,sp|Q8TAA1|RNS11_HUMAN|window_121
Q8TAA1,118,NNFIRSST,4,0.8092,,sp|Q8TAA1|RNS11_HUMAN|window_117
Q8TAA1,65,SMSKDDMS,4,0.8005,,sp|Q8TAA1|RNS11_HUMAN|window_64
P59861,19,PARSFISN,4,0.9455,,sp|P59861|D131A_HUMAN|window_18
P59861,20,ARSFISND,4,0.9451,,sp|P59861|D131A_HUMAN|window_19
P59861,18,PPARSFIS,4,0.9388,,sp|P59861|D131A_HUMAN|window_17
P59861,21,RSFISNDE,4,0.9312,,sp|P59861|D131A_HUMAN|window_20
P59861,17,VPPARSFI,4,0.917,,sp|P59861|D131A_HUMAN|window_16
P59861,22,SFISNDEC,4,0.9147,,sp|P59861|D131A_HUMAN|window_21
P59861,10,VLSLMFTV,4,0.9092,,sp|P59861|D131A_HUMAN|window_9
P59861,11,LSLMFTVP,4,0.9008,,sp|P59861|D131A_HUMAN|window_10
P59861,9,GVLSLMFT,4,0.8938,,sp|P59861|D131A_HUMAN|window_8
P59861,35,HCRLKCNA,4,0.8914,,sp|P59861|D131A_HUMAN|window_34
P59861,36,CRLKCNAD,4,0.8867,,sp|P59861|D131A_HUMAN|window_35
P59861,23,FISNDECP,4,0.8774,,sp|P59861|D131A_HUMAN|window_22
P59861,12,SLMFTVPP,4,0.8751,,sp|P59861|D131A_HUMAN|window_11
P59861,8,FGVLSLMF,4,0.8744,,sp|P59861|D131A_HUMAN|window_7
P59861,34,YHCRLKCN,4,0.8525,,sp|P59861|D131A_HUMAN|window_33
P59861,7,VFGVLSLM,4,0.8344,,sp|P59861|D131A_HUMAN|window_6
P59861,37,RLKCNADE,4,0.8221,,sp|P59861|D131A_HUMAN|window_36
P59861,16,TVPPARSF,4,0.82,,sp|P59861|D131A_HUMAN|window_15
P59861,2,RVLFFVFG,4,0.8054,,sp|P59861|D131A_HUMAN|window_1
P59861,3,VLFFVFGV,4,0.8014,,sp|P59861|D131A_HUMAN|window_2
Q6UY27,12,LLCPYWGE,4,0.9006,,sp|Q6UY27|PATE2_HUMAN|window_11
Q6UY27,10,VFLLCPYW,4,0.8996,,sp|Q6UY27|PATE2_HUMAN|window_9
Q6UY27,4,LFLLGTVF,4,0.8933,,sp|Q6UY27|PATE2_HUMAN|window_3
Q6UY27,11,FLLCPYWG,4,0.8926,,sp|Q6UY27|PATE2_HUMAN|window_10
Q6UY27,1,MLVLFLLG,4,0.881,,sp|Q6UY27|PATE2_HUMAN|window_0
Q6UY27,2,LVLFLLGT,4,0.8752,,sp|Q6UY27|PATE2_HUMAN|window_1
Q6UY27,9,TVFLLCPY,4,0.8745,,sp|Q6UY27|PATE2_HUMAN|window_8
Q6UY27,3,VLFLLGTV,4,0.8712,,sp|Q6UY27|PATE2_HUMAN|window_2
Q6UY27,7,LGTVFLLC,4,0.8705,,sp|Q6UY27|PATE2_HUMAN|window_6
Q6UY27,8,GTVFLLCP,4,0.8647,,sp|Q6UY27|PATE2_HUMAN|window_7
Q6UY27,13,LCPYWGEL,4,0.8595,,sp|Q6UY27|PATE2_HUMAN|window_12
Q6UY27,6,LLGTVFLL,4,0.8383,,sp|Q6UY27|PATE2_HUMAN|window_5
Q6UY27,5,FLLGTVFL,4,0.8353,,sp|Q6UY27|PATE2_HUMAN|window_4
Q6UY27,15,PYWGELHD,4,0.8218,,sp|Q6UY27|PATE2_HUMAN|window_14
Q6UY27,14,CPYWGELH,4,0.8124,,sp|Q6UY27|PATE2_HUMAN|window_13
Q6UY27,17,WGELHDPI,4,0.8058,,sp|Q6UY27|PATE2_HUMAN|window_16
Q6UY27,16,YWGELHDP,4,0.801,,sp|Q6UY27|PATE2_HUMAN|window_15
Q4QY38,8,FVFLFLWD,4,0.9191,,sp|Q4QY38|DB134_HUMAN|window_7
Q4QY38,7,VFVFLFLW,4,0.9132,,sp|Q4QY38|DB134_HUMAN|window_6
Q4QY38,9,VFLFLWDP,4,0.9096,,sp|Q4QY38|DB134_HUMAN|window_8
Q4QY38,38,CRLECYES,4,0.9021,,sp|Q4QY38|DB134_HUMAN|window_37
Q4QY38,18,LAGINSLS,4,0.9019,,sp|Q4QY38|DB134_HUMAN|window_17
Q4QY38,19,AGINSLSS,4,0.8931,,sp|Q4QY38|DB134_HUMAN|window_18
Q4QY38,17,VLAGINSL,4,0.8887,,sp|Q4QY38|DB134_HUMAN|window_16
Q4QY38,37,ICRLECYE,4,0.8835,,sp|Q4QY38|DB134_HUMAN|window_36
Q4QY38,6,VVFVFLFL,4,0.8713,,sp|Q4QY38|DB134_HUMAN|window_5
Q4QY38,16,PVLAGINS,4,0.8669,,sp|Q4QY38|DB134_HUMAN|window_15
Q4QY38,21,INSLSSEM,4,0.8644,,sp|Q4QY38|DB134_HUMAN|window_20
Q4QY38,39,RLECYESE,4,0.8623,,sp|Q4QY38|DB134_HUMAN|window_38
Q4QY38,5,LVVFVFLF,4,0.86,,sp|Q4QY38|DB134_HUMAN|window_4
Q4QY38,10,FLFLWDPV,4,0.8557,,sp|Q4QY38|DB134_HUMAN|window_9
Q4QY38,20,GINSLSSE,4,0.8545,,sp|Q4QY38|DB134_HUMAN|window_19
Q4QY38,23,SLSSEMHK,4,0.8485,,sp|Q4QY38|DB134_HUMAN|window_22
Q4QY38,4,LLVVFVFL,4,0.8285,,sp|Q4QY38|DB134_HUMAN|window_3
Q4QY38,40,LECYESEM,4,0.8266,,sp|Q4QY38|DB134_HUMAN|window_39
Q4QY38,22,NSLSSEMH,4,0.823,,sp|Q4QY38|DB134_HUMAN|window_21
Q4QY38,15,DPVLAGIN,4,0.8139,,sp|Q4QY38|DB134_HUMAN|window_14
Q4QY38,24,LSSEMHKK,4,0.8122,,sp|Q4QY38|DB134_HUMAN|window_23
Q4QY38,36,GICRLECY,4,0.809,,sp|Q4QY38|DB134_HUMAN|window_35
Q4QY38,14,WDPVLAGI,4,0.8076,,sp|Q4QY38|DB134_HUMAN|window_13
P51813,178,PVLKMDAP,4,0.9409,,sp|P51813|BMX_HUMAN|window_177
P51813,248,KLKSSSSS,4,0.9261,,sp|P51813|BMX_HUMAN|window_247
P51813,177,VPVLKMDA,4,0.9196,,sp|P51813|BMX_HUMAN|window_176
P51813,247,RKLKSSSS,4,0.9183,,sp|P51813|BMX_HUMAN|window_246
P51813,176,AVPVLKMD,4,0.9171,,sp|P51813|BMX_HUMAN|window_175
P51813,179,VLKMDAPS,4,0.9138,,sp|P51813|BMX_HUMAN|window_178
P51813,175,RAVPVLKM,4,0.9098,,sp|P51813|BMX_HUMAN|window_174
P51813,249,LKSSSSSE,4,0.9069,,sp|P51813|BMX_HUMAN|window_248
P51813,219,NSKKIYGS,4,0.9012,,sp|P51813|BMX_HUMAN|window_218
P51813,220,SKKIYGSQ,4,0.901,,sp|P51813|BMX_HUMAN|window_219
P51813,246,VRKLKSSS,4,0.9,,sp|P51813|BMX_HUMAN|window_245
P51813,250,KSSSSSED,4,0.8985,,sp|P51813|BMX_HUMAN|window_249
P51813,218,SNSKKIYG,4,0.8982,,sp|P51813|BMX_HUMAN|window_217
P51813,257,DVASSNQK,4,0.8923,,sp|P51813|BMX_HUMAN|window_256
P51813,221,KKIYGSQP,4,0.888,,sp|P51813|BMX_HUMAN|window_220
P51813,217,DSNSKKIY,4,0.8866,,sp|P51813|BMX_HUMAN|window_216
P51813,174,PRAVPVLK,4,0.8825,,sp|P51813|BMX_HUMAN|window_173
P51813,251,SSSSSEDV,4,0.8786,,sp|P51813|BMX_HUMAN|window_250
P51813,171,LKIPRAVP,4,0.8785,,sp|P51813|BMX_HUMAN|window_170
P51813,258,VASSNQKE,4,0.8782,,sp|P51813|BMX_HUMAN|window_257
P51813,259,ASSNQKER,4,0.8775,,sp|P51813|BMX_HUMAN|window_258
P51813,216,YDSNSKKI,4,0.8771,,sp|P51813|BMX_HUMAN|window_215
P51813,172,KIPRAVPV,4,0.8753,,sp|P51813|BMX_HUMAN|window_171
P51813,255,SEDVASSN,4,0.8726,,sp|P51813|BMX_HUMAN|window_254
P51813,170,VLKIPRAV,4,0.8689,,sp|P51813|BMX_HUMAN|window_169
P51813,169,RVLKIPRA,4,0.8603,,sp|P51813|BMX_HUMAN|window_168
P51813,180,LKMDAPSS,4,0.8602,,sp|P51813|BMX_HUMAN|window_179
P51813,222,KIYGSQPN,4,0.8599,,sp|P51813|BMX_HUMAN|window_221
P51813,198,SKKNYGSQ,4,0.858,,sp|P51813|BMX_HUMAN|window_197
P51813,245,QVRKLKSS,4,0.8572,,sp|P51813|BMX_HUMAN|window_244
P51813,254,SSEDVASS,4,0.8548,,sp|P51813|BMX_HUMAN|window_253
P51813,197,ESKKNYGS,4,0.8538,,sp|P51813|BMX_HUMAN|window_196
P51813,173,IPRAVPVL,4,0.85,,sp|P51813|BMX_HUMAN|window_172
P51813,256,EDVASSNQ,4,0.8481,,sp|P51813|BMX_HUMAN|window_255
P51813,199,KKNYGSQP,4,0.8456,,sp|P51813|BMX_HUMAN|window_198
P51813,272,TSKISWEF,4,0.8429,,sp|P51813|BMX_HUMAN|window_271
P51813,210,STSLAQYD,4,0.8414,,sp|P51813|BMX_HUMAN|window_209
P51813,271,TTSKISWE,4,0.8332,,sp|P51813|BMX_HUMAN|window_270
P51813,196,NESKKNYG,4,0.8329,,sp|P51813|BMX_HUMAN|window_195
P51813,244,WQVRKLKS,4,0.831,,sp|P51813|BMX_HUMAN|window_243
P51813,253,SSSEDVAS,4,0.8287,,sp|P51813|BMX_HUMAN|window_252
P51813,213,LAQYDSNS,4,0.8272,,sp|P51813|BMX_HUMAN|window_212
P51813,212,SLAQYDSN,4,0.8256,,sp|P51813|BMX_HUMAN|window_211
P51813,252,SSSSEDVA,4,0.8241,,sp|P51813|BMX_HUMAN|window_251
P51813,275,ISWEFPES,4,0.8195,,sp|P51813|BMX_HUMAN|window_274
P51813,209,SSTSLAQY,4,0.819,,sp|P51813|BMX_HUMAN|window_208
P51813,223,IYGSQPNF,4,0.8179,,sp|P51813|BMX_HUMAN|window_222
P51813,211,TSLAQYDS,4,0.8154,,sp|P51813|BMX_HUMAN|window_210
P51813,202,YGSQPPSS,4,0.8149,,sp|P51813|BMX_HUMAN|window_201
P51813,215,QYDSNSKK,4,0.8128,,sp|P51813|BMX_HUMAN|window_214
P51813,165,TFPDRVLK,4,0.8126,,sp|P51813|BMX_HUMAN|window_164
P51813,265,ERNVNHTT,4,0.8116,,sp|P51813|BMX_HUMAN|window_264
P51813,201,NYGSQPPS,4,0.8115,,sp|P51813|BMX_HUMAN|window_200
P51813,214,AQYDSNSK,4,0.8099,,sp|P51813|BMX_HUMAN|window_213
P51813,273,SKISWEFP,4,0.8084,,sp|P51813|BMX_HUMAN|window_272
P51813,168,DRVLKIPR,4,0.8057,,sp|P51813|BMX_HUMAN|window_167
P51813,274,KISWEFPE,4,0.8028,,sp|P51813|BMX_HUMAN|window_273
P51813,440,YDVAVKMI,4,0.8027,,sp|P51813|BMX_HUMAN|window_439
P51813,162,RVPTFPDR,4,0.8026,,sp|P51813|BMX_HUMAN|window_161
P51813,194,YDNESKKN,4,0.802,,sp|P51813|BMX_HUMAN|window_193
Q30KQ5,1,MLPDHFSP,4,0.9369,,sp|Q30KQ5|DB115_HUMAN|window_0
Q30KQ5,2,LPDHFSPL,4,0.8942,,sp|Q30KQ5|DB115_HUMAN|window_1
Q30KQ5,24,VVLAQTAP,4,0.8758,,sp|Q30KQ5|DB115_HUMAN|window_23
Q30KQ5,23,LVVLAQTA,4,0.873,,sp|Q30KQ5|DB115_HUMAN|window_22
Q30KQ5,25,VLAQTAPD,4,0.8725,,sp|Q30KQ5|DB115_HUMAN|window_24
Q30KQ5,45,CRKSCKEI,4,0.8698,,sp|Q30KQ5|DB115_HUMAN|window_44
Q30KQ5,44,RCRKSCKE,4,0.8679,,sp|Q30KQ5|DB115_HUMAN|window_43
Q30KQ5,22,VLVVLAQT,4,0.8556,,sp|Q30KQ5|DB115_HUMAN|window_21
Q30KQ5,21,VVLVVLAQ,4,0.8508,,sp|Q30KQ5|DB115_HUMAN|window_20
Q30KQ5,6,FSPLSGDI,4,0.8233,,sp|Q30KQ5|DB115_HUMAN|window_5
Q30KQ5,14,KLSVLALV,4,0.8221,,sp|Q30KQ5|DB115_HUMAN|window_13
Q30KQ5,43,GRCRKSCK,4,0.8182,,sp|Q30KQ5|DB115_HUMAN|window_42
Q30KQ5,13,IKLSVLAL,4,0.8171,,sp|Q30KQ5|DB115_HUMAN|window_12
Q30KQ5,5,HFSPLSGD,4,0.817,,sp|Q30KQ5|DB115_HUMAN|window_4
Q30KQ5,15,LSVLALVV,4,0.8133,,sp|Q30KQ5|DB115_HUMAN|window_14
Q30KQ5,19,ALVVLVVL,4,0.8023,,sp|Q30KQ5|DB115_HUMAN|window_18
Q30KQ5,20,LVVLVVLA,4,0.8018,,sp|Q30KQ5|DB115_HUMAN|window_19
Q30KQ5,46,RKSCKEIE,4,0.801,,sp|Q30KQ5|DB115_HUMAN|window_45
Q6JVE5,14,LKVLQAQT,4,0.9279,,sp|Q6JVE5|LCN12_HUMAN|window_13
Q6JVE5,15,KVLQAQTP,4,0.9253,,sp|Q6JVE5|LCN12_HUMAN|window_14
Q6JVE5,13,LLKVLQAQ,4,0.9241,,sp|Q6JVE5|LCN12_HUMAN|window_12
Q6JVE5,16,VLQAQTPT,4,0.918,,sp|Q6JVE5|LCN12_HUMAN|window_15
Q6JVE5,11,LSLLKVLQ,4,0.8902,,sp|Q6JVE5|LCN12_HUMAN|window_10
Q6JVE5,12,SLLKVLQA,4,0.8901,,sp|Q6JVE5|LCN12_HUMAN|window_11
Q6JVE5,3,LLCGLWLW,4,0.8827,,sp|Q6JVE5|LCN12_HUMAN|window_2
Q6JVE5,9,LWLSLLKV,4,0.8762,,sp|Q6JVE5|LCN12_HUMAN|window_8
Q6JVE5,17,LQAQTPTP,4,0.8759,,sp|Q6JVE5|LCN12_HUMAN|window_16
Q6JVE5,2,RLLCGLWL,4,0.8615,,sp|Q6JVE5|LCN12_HUMAN|window_1
Q6JVE5,10,WLSLLKVL,4,0.859,,sp|Q6JVE5|LCN12_HUMAN|window_9
Q6JVE5,7,LWLWLSLL,4,0.8547,,sp|Q6JVE5|LCN12_HUMAN|window_6
Q6JVE5,4,LCGLWLWL,4,0.8535,,sp|Q6JVE5|LCN12_HUMAN|window_3
Q6JVE5,8,WLWLSLLK,4,0.8411,,sp|Q6JVE5|LCN12_HUMAN|window_7
Q6JVE5,1,MRLLCGLW,4,0.833,,sp|Q6JVE5|LCN12_HUMAN|window_0
Q6JVE5,6,GLWLWLSL,4,0.8046,,sp|Q6JVE5|LCN12_HUMAN|window_5
Q6JVE5,5,CGLWLWLS,4,0.8024,,sp|Q6JVE5|LCN12_HUMAN|window_4
Q1W4C9,10,FFLVCSTL,4,0.9292,,sp|Q1W4C9|ISK13_HUMAN|window_9
Q1W4C9,11,FLVCSTLT,4,0.9258,,sp|Q1W4C9|ISK13_HUMAN|window_10
Q1W4C9,12,LVCSTLTH,4,0.9146,,sp|Q1W4C9|ISK13_HUMAN|window_11
Q1W4C9,9,IFFLVCST,4,0.9117,,sp|Q1W4C9|ISK13_HUMAN|window_8
Q1W4C9,13,VCSTLTHV,4,0.8954,,sp|Q1W4C9|ISK13_HUMAN|window_12
Q1W4C9,8,IIFFLVCS,4,0.869,,sp|Q1W4C9|ISK13_HUMAN|window_7
Q1W4C9,14,CSTLTHVA,4,0.8599,,sp|Q1W4C9|ISK13_HUMAN|window_13
Q1W4C9,20,VAFSGIFN,4,0.8566,,sp|Q1W4C9|ISK13_HUMAN|window_19
Q1W4C9,7,KIIFFLVC,4,0.8446,,sp|Q1W4C9|ISK13_HUMAN|window_6
Q1W4C9,19,HVAFSGIF,4,0.8377,,sp|Q1W4C9|ISK13_HUMAN|window_18
Q1W4C9,3,AFPHKIIF,4,0.8366,,sp|Q1W4C9|ISK13_HUMAN|window_2
Q1W4C9,25,IFNKRDFT,4,0.8346,,sp|Q1W4C9|ISK13_HUMAN|window_24
Q1W4C9,22,FSGIFNKR,4,0.8266,,sp|Q1W4C9|ISK13_HUMAN|window_21
Q1W4C9,21,AFSGIFNK,4,0.8238,,sp|Q1W4C9|ISK13_HUMAN|window_20
Q1W4C9,44,PLDPDYNA,4,0.8211,,sp|Q1W4C9|ISK13_HUMAN|window_43
Q1W4C9,2,AAFPHKII,4,0.8172,,sp|Q1W4C9|ISK13_HUMAN|window_1
Q1W4C9,18,THVAFSGI,4,0.8159,,sp|Q1W4C9|ISK13_HUMAN|window_17
Q1W4C9,23,SGIFNKRD,4,0.8147,,sp|Q1W4C9|ISK13_HUMAN|window_22
Q1W4C9,43,IPLDPDYN,4,0.8063,,sp|Q1W4C9|ISK13_HUMAN|window_42
Q1W4C9,1,MAAFPHKI,4,0.8025,,sp|Q1W4C9|ISK13_HUMAN|window_0
Q1W4C9,17,LTHVAFSG,4,0.802,,sp|Q1W4C9|ISK13_HUMAN|window_16
Q1W4C9,6,HKIIFFLV,4,0.8013,,sp|Q1W4C9|ISK13_HUMAN|window_5
P0CH99,88,HMISMHPI,4,0.922,,sp|P0CH99|Z705D_HUMAN|window_87
P0CH99,92,MHPIIRKD,4,0.9101,,sp|P0CH99|Z705D_HUMAN|window_91
P0CH99,90,ISMHPIIR,4,0.9045,,sp|P0CH99|Z705D_HUMAN|window_89
P0CH99,108,NSLILEDP,4,0.9018,,sp|P0CH99|Z705D_HUMAN|window_107
P0CH99,91,SMHPIIRK,4,0.8989,,sp|P0CH99|Z705D_HUMAN|window_90
P0CH99,89,MISMHPII,4,0.8905,,sp|P0CH99|Z705D_HUMAN|window_88
P0CH99,87,KHMISMHP,4,0.8902,,sp|P0CH99|Z705D_HUMAN|window_86
P0CH99,110,LILEDPFE,4,0.8864,,sp|P0CH99|Z705D_HUMAN|window_109
P0CH99,109,SLILEDPF,4,0.8862,,sp|P0CH99|Z705D_HUMAN|window_108
P0CH99,134,CLLTHSGK,4,0.8842,,sp|P0CH99|Z705D_HUMAN|window_133
P0CH99,132,TQCLLTHS,4,0.8762,,sp|P0CH99|Z705D_HUMAN|window_131
P0CH99,133,QCLLTHSG,4,0.8755,,sp|P0CH99|Z705D_HUMAN|window_132
P0CH99,107,ENSLILED,4,0.8725,,sp|P0CH99|Z705D_HUMAN|window_106
P0CH99,106,MENSLILE,4,0.8713,,sp|P0CH99|Z705D_HUMAN|window_105
P0CH99,94,PIIRKDAS,4,0.8693,,sp|P0CH99|Z705D_HUMAN|window_93
P0CH99,86,KKHMISMH,4,0.8654,,sp|P0CH99|Z705D_HUMAN|window_85
P0CH99,135,LLTHSGKK,4,0.86,,sp|P0CH99|Z705D_HUMAN|window_134
P0CH99,131,ITQCLLTH,4,0.8594,,sp|P0CH99|Z705D_HUMAN|window_130
P0CH99,85,KKKHMISM,4,0.8589,,sp|P0CH99|Z705D_HUMAN|window_84
P0CH99,111,ILEDPFEY,4,0.8588,,sp|P0CH99|Z705D_HUMAN|window_110
P0CH99,128,SSTITQCL,4,0.8552,,sp|P0CH99|Z705D_HUMAN|window_127
P0CH99,70,RVFLQDQN,4,0.8534,,sp|P0CH99|Z705D_HUMAN|window_69
P0CH99,93,HPIIRKDA,4,0.8517,,sp|P0CH99|Z705D_HUMAN|window_92
P0CH99,84,LKKKHMIS,4,0.8483,,sp|P0CH99|Z705D_HUMAN|window_83
P0CH99,95,IIRKDAST,4,0.8468,,sp|P0CH99|Z705D_HUMAN|window_94
P0CH99,69,GRVFLQDQ,4,0.8453,,sp|P0CH99|Z705D_HUMAN|window_68
P0CH99,104,MTMENSLI,4,0.8444,,sp|P0CH99|Z705D_HUMAN|window_103
P0CH99,71,VFLQDQNP,4,0.8421,,sp|P0CH99|Z705D_HUMAN|window_70
P0CH99,96,IRKDASTS,4,0.8395,,sp|P0CH99|Z705D_HUMAN|window_95
P0CH99,105,TMENSLIL,4,0.8339,,sp|P0CH99|Z705D_HUMAN|window_104
P0CH99,129,STITQCLL,4,0.8325,,sp|P0CH99|Z705D_HUMAN|window_128
P0CH99,81,ESALKKKH,4,0.8315,,sp|P0CH99|Z705D_HUMAN|window_80
P0CH99,130,TITQCLLT,4,0.8301,,sp|P0CH99|Z705D_HUMAN|window_129
P0CH99,127,HSSTITQC,4,0.8282,,sp|P0CH99|Z705D_HUMAN|window_126
P0CH99,100,ASTSMTME,4,0.8255,,sp|P0CH99|Z705D_HUMAN|window_99
P0CH99,103,SMTMENSL,4,0.8243,,sp|P0CH99|Z705D_HUMAN|window_102
P0CH99,82,SALKKKHM,4,0.8242,,sp|P0CH99|Z705D_HUMAN|window_81
P0CH99,68,EGRVFLQD,4,0.8222,,sp|P0CH99|Z705D_HUMAN|window_67
P0CH99,126,THSSTITQ,4,0.8208,,sp|P0CH99|Z705D_HUMAN|window_125
P0CH99,83,ALKKKHMI,4,0.8204,,sp|P0CH99|Z705D_HUMAN|window_82
P0CH99,151,KSLRNLLS,4,0.818,,sp|P0CH99|Z705D_HUMAN|window_150
P0CH99,123,EDCTHSST,4,0.8178,,sp|P0CH99|Z705D_HUMAN|window_122
P0CH99,80,RESALKKK,4,0.8163,,sp|P0CH99|Z705D_HUMAN|window_79
P0CH99,99,DASTSMTM,4,0.8054,,sp|P0CH99|Z705D_HUMAN|window_98
P0CH99,125,CTHSSTIT,4,0.8046,,sp|P0CH99|Z705D_HUMAN|window_124
P0CH99,97,RKDASTSM,4,0.8042,,sp|P0CH99|Z705D_HUMAN|window_96
P0CH99,152,SLRNLLSP,4,0.8039,,sp|P0CH99|Z705D_HUMAN|window_151
P0CH99,98,KDASTSMT,4,0.8036,,sp|P0CH99|Z705D_HUMAN|window_97
Q7Z7B7,8,LAALGFLT,4,0.9007,,sp|Q7Z7B7|DB132_HUMAN|window_7
Q7Z7B7,10,ALGFLTQV,4,0.8932,,sp|Q7Z7B7|DB132_HUMAN|window_9
Q7Z7B7,34,YCRTCCHW,4,0.8857,,sp|Q7Z7B7|DB132_HUMAN|window_33
Q7Z7B7,9,AALGFLTQ,4,0.8852,,sp|Q7Z7B7|DB132_HUMAN|window_8
Q7Z7B7,7,VLAALGFL,4,0.8799,,sp|Q7Z7B7|DB132_HUMAN|window_6
Q7Z7B7,33,GYCRTCCH,4,0.8715,,sp|Q7Z7B7|DB132_HUMAN|window_32
Q7Z7B7,35,CRTCCHWG,4,0.8699,,sp|Q7Z7B7|DB132_HUMAN|window_34
Q7Z7B7,11,LGFLTQVI,4,0.8544,,sp|Q7Z7B7|DB132_HUMAN|window_10
Q7Z7B7,68,PQLIGNHW,4,0.8519,,sp|Q7Z7B7|DB132_HUMAN|window_67
Q7Z7B7,69,QLIGNHWQ,4,0.8491,,sp|Q7Z7B7|DB132_HUMAN|window_68
Q7Z7B7,67,LPQLIGNH,4,0.8409,,sp|Q7Z7B7|DB132_HUMAN|window_66
Q7Z7B7,6,LVLAALGF,4,0.8398,,sp|Q7Z7B7|DB132_HUMAN|window_5
Q7Z7B7,4,LLLVLAAL,4,0.8378,,sp|Q7Z7B7|DB132_HUMAN|window_3
Q7Z7B7,66,DLPQLIGN,4,0.8352,,sp|Q7Z7B7|DB132_HUMAN|window_65
Q7Z7B7,17,VIPASAGG,4,0.8257,,sp|Q7Z7B7|DB132_HUMAN|window_16
Q7Z7B7,70,LIGNHWQS,4,0.8202,,sp|Q7Z7B7|DB132_HUMAN|window_69
Q7Z7B7,5,LLVLAALG,4,0.8085,,sp|Q7Z7B7|DB132_HUMAN|window_4
Q7Z7B7,2,KFLLLVLA,4,0.8019,,sp|Q7Z7B7|DB132_HUMAN|window_1
Q7Z7B7,3,FLLLVLAA,4,0.8001,,sp|Q7Z7B7|DB132_HUMAN|window_2
P61916,2,RFLAATFL,4,0.8975,,sp|P61916|NPC2_HUMAN|window_1
P61916,3,FLAATFLL,4,0.88,,sp|P61916|NPC2_HUMAN|window_2
P61916,6,ATFLLLAL,4,0.8484,,sp|P61916|NPC2_HUMAN|window_5
P61916,1,MRFLAATF,4,0.8452,,sp|P61916|NPC2_HUMAN|window_0
P61916,7,TFLLLALS,4,0.8393,,sp|P61916|NPC2_HUMAN|window_6
P61916,4,LAATFLLL,4,0.8328,,sp|P61916|NPC2_HUMAN|window_3
P61916,5,AATFLLLA,4,0.8158,,sp|P61916|NPC2_HUMAN|window_4
Q8WXA2,12,LLCCFRAL,4,0.9428,,sp|Q8WXA2|PATE1_HUMAN|window_11
Q8WXA2,32,EIVAVKNN,4,0.939,,sp|Q8WXA2|PATE1_HUMAN|window_31
Q8WXA2,33,IVAVKNNF,4,0.9378,,sp|Q8WXA2|PATE1_HUMAN|window_32
Q8WXA2,34,VAVKNNFP,4,0.9377,,sp|Q8WXA2|PATE1_HUMAN|window_33
Q8WXA2,11,ILLCCFRA,4,0.9358,,sp|Q8WXA2|PATE1_HUMAN|window_10
Q8WXA2,31,NEIVAVKN,4,0.9343,,sp|Q8WXA2|PATE1_HUMAN|window_30
Q8WXA2,13,LCCFRALS,4,0.9334,,sp|Q8WXA2|PATE1_HUMAN|window_12
Q8WXA2,14,CCFRALSG,4,0.9329,,sp|Q8WXA2|PATE1_HUMAN|window_13
Q8WXA2,35,AVKNNFPV,4,0.9258,,sp|Q8WXA2|PATE1_HUMAN|window_34
Q8WXA2,23,LSMRNDAV,4,0.9234,,sp|Q8WXA2|PATE1_HUMAN|window_22
Q8WXA2,25,MRNDAVNE,4,0.9202,,sp|Q8WXA2|PATE1_HUMAN|window_24
Q8WXA2,30,VNEIVAVK,4,0.9181,,sp|Q8WXA2|PATE1_HUMAN|window_29
Q8WXA2,15,CFRALSGS,4,0.9169,,sp|Q8WXA2|PATE1_HUMAN|window_14
Q8WXA2,16,FRALSGSL,4,0.9147,,sp|Q8WXA2|PATE1_HUMAN|window_15
Q8WXA2,24,SMRNDAVN,4,0.9137,,sp|Q8WXA2|PATE1_HUMAN|window_23
Q8WXA2,1,MDKSLLLE,4,0.9127,,sp|Q8WXA2|PATE1_HUMAN|window_0
Q8WXA2,10,PILLCCFR,4,0.905,,sp|Q8WXA2|PATE1_HUMAN|window_9
Q8WXA2,22,SLSMRNDA,4,0.9026,,sp|Q8WXA2|PATE1_HUMAN|window_21
Q8WXA2,17,RALSGSLS,4,0.8962,,sp|Q8WXA2|PATE1_HUMAN|window_16
Q8WXA2,28,DAVNEIVA,4,0.8943,,sp|Q8WXA2|PATE1_HUMAN|window_27
Q8WXA2,29,AVNEIVAV,4,0.8923,,sp|Q8WXA2|PATE1_HUMAN|window_28
Q8WXA2,9,LPILLCCF,4,0.8817,,sp|Q8WXA2|PATE1_HUMAN|window_8
Q8WXA2,21,GSLSMRND,4,0.8778,,sp|Q8WXA2|PATE1_HUMAN|window_20
Q8WXA2,26,RNDAVNEI,4,0.8775,,sp|Q8WXA2|PATE1_HUMAN|window_25
Q8WXA2,27,NDAVNEIV,4,0.8765,,sp|Q8WXA2|PATE1_HUMAN|window_26
Q8WXA2,2,DKSLLLEL,4,0.8747,,sp|Q8WXA2|PATE1_HUMAN|window_1
Q8WXA2,20,SGSLSMRN,4,0.8743,,sp|Q8WXA2|PATE1_HUMAN|window_19
Q8WXA2,8,ELPILLCC,4,0.8678,,sp|Q8WXA2|PATE1_HUMAN|window_7
Q8WXA2,18,ALSGSLSM,4,0.8566,,sp|Q8WXA2|PATE1_HUMAN|window_17
Q8WXA2,19,LSGSLSMR,4,0.8519,,sp|Q8WXA2|PATE1_HUMAN|window_18
Q8WXA2,4,SLLLELPI,4,0.8353,,sp|Q8WXA2|PATE1_HUMAN|window_3
Q8WXA2,3,KSLLLELP,4,0.8311,,sp|Q8WXA2|PATE1_HUMAN|window_2
Q8WXA2,7,LELPILLC,4,0.8301,,sp|Q8WXA2|PATE1_HUMAN|window_6
Q8WXA2,5,LLLELPIL,4,0.8282,,sp|Q8WXA2|PATE1_HUMAN|window_4
Q8WXA2,36,VKNNFPVI,4,0.8205,,sp|Q8WXA2|PATE1_HUMAN|window_35
O14603,25,CNILYFSE,4,0.8988,,sp|O14603|PRY_HUMAN|window_24
O14603,27,ILYFSETT,4,0.8981,,sp|O14603|PRY_HUMAN|window_26
O14603,24,GCNILYFS,4,0.8825,,sp|O14603|PRY_HUMAN|window_23
O14603,26,NILYFSET,4,0.8801,,sp|O14603|PRY_HUMAN|window_25
O14603,23,QGCNILYF,4,0.879,,sp|O14603|PRY_HUMAN|window_22
O14603,38,CSELSLNR,4,0.8593,,sp|O14603|PRY_HUMAN|window_37
O14603,3,ATGLGFLL,4,0.848,,sp|O14603|PRY_HUMAN|window_2
O14603,28,LYFSETTG,4,0.8474,,sp|O14603|PRY_HUMAN|window_27
O14603,39,SELSLNRG,4,0.8426,,sp|O14603|PRY_HUMAN|window_38
O14603,5,GLGFLLSW,4,0.8369,,sp|O14603|PRY_HUMAN|window_4
O14603,7,GFLLSWRQ,4,0.836,,sp|O14603|PRY_HUMAN|window_6
O14603,29,YFSETTGS,4,0.8312,,sp|O14603|PRY_HUMAN|window_28
O14603,37,MCSELSLN,4,0.8268,,sp|O14603|PRY_HUMAN|window_36
O14603,40,ELSLNRGL,4,0.822,,sp|O14603|PRY_HUMAN|window_39
O14603,4,TGLGFLLS,4,0.8215,,sp|O14603|PRY_HUMAN|window_3
O14603,22,CQGCNILY,4,0.821,,sp|O14603|PRY_HUMAN|window_21
O14603,101,ALSLQTNS,4,0.8112,,sp|O14603|PRY_HUMAN|window_100
O14603,41,LSLNRGLE,4,0.81,,sp|O14603|PRY_HUMAN|window_40
O14603,121,SFLLRTLE,4,0.8096,,sp|O14603|PRY_HUMAN|window_120
O14603,6,LGFLLSWR,4,0.8033,,sp|O14603|PRY_HUMAN|window_5
Q70EK9,58,LEPLQERE,4,0.9213,,sp|Q70EK9|UBP51_HUMAN|window_57
Q70EK9,56,MKLEPLQE,4,0.9108,,sp|Q70EK9|UBP51_HUMAN|window_55
Q70EK9,55,EMKLEPLQ,4,0.9106,,sp|Q70EK9|UBP51_HUMAN|window_54
Q70EK9,91,CHSSSSPV,4,0.9065,,sp|Q70EK9|UBP51_HUMAN|window_90
Q70EK9,17,WISGGGGG,4,0.9053,,sp|Q70EK9|UBP51_HUMAN|window_16
Q70EK9,59,EPLQEREP,4,0.9046,,sp|Q70EK9|UBP51_HUMAN|window_58
Q70EK9,16,RWISGGGG,4,0.9042,,sp|Q70EK9|UBP51_HUMAN|window_15
Q70EK9,90,RCHSSSSP,4,0.904,,sp|Q70EK9|UBP51_HUMAN|window_89
Q70EK9,40,AAAGATKA,4,0.9025,,sp|Q70EK9|UBP51_HUMAN|window_39
Q70EK9,57,KLEPLQER,4,0.9011,,sp|Q70EK9|UBP51_HUMAN|window_56
Q70EK9,89,LRCHSSSS,4,0.8967,,sp|Q70EK9|UBP51_HUMAN|window_88
Q70EK9,60,PLQEREPA,4,0.8933,,sp|Q70EK9|UBP51_HUMAN|window_59
Q70EK9,37,MEEAAAGA,4,0.8928,,sp|Q70EK9|UBP51_HUMAN|window_36
Q70EK9,39,EAAAGATK,4,0.8924,,sp|Q70EK9|UBP51_HUMAN|window_38
Q70EK9,54,EEMKLEPL,4,0.8911,,sp|Q70EK9|UBP51_HUMAN|window_53
Q70EK9,14,GVRWISGG,4,0.8911,,sp|Q70EK9|UBP51_HUMAN|window_13
Q70EK9,15,VRWISGGG,4,0.8897,,sp|Q70EK9|UBP51_HUMAN|window_14
Q70EK9,144,PRAWRGSR,4,0.8851,,sp|Q70EK9|UBP51_HUMAN|window_143
Q70EK9,61,LQEREPAP,4,0.8825,,sp|Q70EK9|UBP51_HUMAN|window_60
Q70EK9,38,EEAAAGAT,4,0.8801,,sp|Q70EK9|UBP51_HUMAN|window_37
Q70EK9,143,RPRAWRGS,4,0.879,,sp|Q70EK9|UBP51_HUMAN|window_142
Q70EK9,18,ISGGGGGA,4,0.879,,sp|Q70EK9|UBP51_HUMAN|window_17
Q70EK9,126,PPARPPPP,4,0.8728,,sp|Q70EK9|UBP51_HUMAN|window_125
Q70EK9,87,IPLRCHSS,4,0.8723,,sp|Q70EK9|UBP51_HUMAN|window_86
Q70EK9,88,PLRCHSSS,4,0.8706,,sp|Q70EK9|UBP51_HUMAN|window_87
Q70EK9,41,AAGATKAS,4,0.8688,,sp|Q70EK9|UBP51_HUMAN|window_40
Q70EK9,30,AVEKAGKM,4,0.8683,,sp|Q70EK9|UBP51_HUMAN|window_29
Q70EK9,53,AEEMKLEP,4,0.8679,,sp|Q70EK9|UBP51_HUMAN|window_52
Q70EK9,125,PPPARPPP,4,0.8661,,sp|Q70EK9|UBP51_HUMAN|window_124
Q70EK9,13,SGVRWISG,4,0.8641,,sp|Q70EK9|UBP51_HUMAN|window_12
Q70EK9,142,PRPRAWRG,4,0.8637,,sp|Q70EK9|UBP51_HUMAN|window_141
Q70EK9,52,EAEEMKLE,4,0.8636,,sp|Q70EK9|UBP51_HUMAN|window_51
Q70EK9,42,AGATKASS,4,0.858,,sp|Q70EK9|UBP51_HUMAN|window_41
Q70EK9,62,QEREPAPE,4,0.8566,,sp|Q70EK9|UBP51_HUMAN|window_61
Q70EK9,145,RAWRGSRR,4,0.8529,,sp|Q70EK9|UBP51_HUMAN|window_144
Q70EK9,33,KAGKMEEA,4,0.8517,,sp|Q70EK9|UBP51_HUMAN|window_32
Q70EK9,32,EKAGKMEE,4,0.8477,,sp|Q70EK9|UBP51_HUMAN|window_31
Q70EK9,342,EPKLVKPK,4,0.8465,,sp|Q70EK9|UBP51_HUMAN|window_341
Q70EK9,123,PPPPPARP,4,0.8453,,sp|Q70EK9|UBP51_HUMAN|window_122
Q70EK9,146,AWRGSRRR,4,0.8445,,sp|Q70EK9|UBP51_HUMAN|window_145
Q70EK9,124,PPPPARPP,4,0.8435,,sp|Q70EK9|UBP51_HUMAN|window_123
Q70EK9,36,KMEEAAAG,4,0.8402,,sp|Q70EK9|UBP51_HUMAN|window_35
Q70EK9,341,QEPKLVKP,4,0.8395,,sp|Q70EK9|UBP51_HUMAN|window_340
Q70EK9,51,REAEEMKL,4,0.839,,sp|Q70EK9|UBP51_HUMAN|window_50
Q70EK9,66,PAPEENLT,4,0.8385,,sp|Q70EK9|UBP51_HUMAN|window_65
Q70EK9,25,ASPEEAVE,4,0.8369,,sp|Q70EK9|UBP51_HUMAN|window_24
Q70EK9,65,EPAPEENL,4,0.8354,,sp|Q70EK9|UBP51_HUMAN|window_64
Q70EK9,43,GATKASSR,4,0.8309,,sp|Q70EK9|UBP51_HUMAN|window_42
Q70EK9,63,EREPAPEE,4,0.8306,,sp|Q70EK9|UBP51_HUMAN|window_62
Q70EK9,86,SIPLRCHS,4,0.8302,,sp|Q70EK9|UBP51_HUMAN|window_85
Q70EK9,127,PARPPPPP,4,0.8299,,sp|Q70EK9|UBP51_HUMAN|window_126
Q70EK9,31,VEKAGKME,4,0.8295,,sp|Q70EK9|UBP51_HUMAN|window_30
Q70EK9,343,PKLVKPKK,4,0.8286,,sp|Q70EK9|UBP51_HUMAN|window_342
Q70EK9,68,PEENLTWS,4,0.8266,,sp|Q70EK9|UBP51_HUMAN|window_67
Q70EK9,67,APEENLTW,4,0.8263,,sp|Q70EK9|UBP51_HUMAN|window_66
Q70EK9,92,HSSSSPVC,4,0.8253,,sp|Q70EK9|UBP51_HUMAN|window_91
Q70EK9,72,LTWSSSGG,4,0.8251,,sp|Q70EK9|UBP51_HUMAN|window_71
Q70EK9,321,HQQFMTSG,4,0.8245,,sp|Q70EK9|UBP51_HUMAN|window_320
Q70EK9,46,KASSRREA,4,0.8245,,sp|Q70EK9|UBP51_HUMAN|window_45
Q70EK9,34,AGKMEEAA,4,0.8241,,sp|Q70EK9|UBP51_HUMAN|window_33
Q70EK9,64,REPAPEEN,4,0.8231,,sp|Q70EK9|UBP51_HUMAN|window_63
Q70EK9,322,QQFMTSGF,4,0.8227,,sp|Q70EK9|UBP51_HUMAN|window_321
Q70EK9,35,GKMEEAAA,4,0.8218,,sp|Q70EK9|UBP51_HUMAN|window_34
Q70EK9,12,GSGVRWIS,4,0.8216,,sp|Q70EK9|UBP51_HUMAN|window_11
Q70EK9,70,ENLTWSSS,4,0.8193,,sp|Q70EK9|UBP51_HUMAN|window_69
Q70EK9,4,VRETSLPS,4,0.8193,,sp|Q70EK9|UBP51_HUMAN|window_3
Q70EK9,3,QVRETSLP,4,0.8189,,sp|Q70EK9|UBP51_HUMAN|window_2
Q70EK9,122,APPPPPAR,4,0.8184,,sp|Q70EK9|UBP51_HUMAN|window_121
Q70EK9,50,RREAEEMK,4,0.8181,,sp|Q70EK9|UBP51_HUMAN|window_49
Q70EK9,167,SGDLDGSG,4,0.817,,sp|Q70EK9|UBP51_HUMAN|window_166
Q70EK9,166,CSGDLDGS,4,0.8129,,sp|Q70EK9|UBP51_HUMAN|window_165
Q70EK9,109,QPRARSRS,4,0.8115,,sp|Q70EK9|UBP51_HUMAN|window_108
Q70EK9,536,TVSRDDHI,4,0.8106,,sp|Q70EK9|UBP51_HUMAN|window_535
Q70EK9,69,EENLTWSS,4,0.8105,,sp|Q70EK9|UBP51_HUMAN|window_68
Q70EK9,24,GASPEEAV,4,0.8077,,sp|Q70EK9|UBP51_HUMAN|window_23
Q70EK9,532,RADSTVSR,4,0.8072,,sp|Q70EK9|UBP51_HUMAN|window_531
Q70EK9,168,GDLDGSGD,4,0.8066,,sp|Q70EK9|UBP51_HUMAN|window_167
Q70EK9,44,ATKASSRR,4,0.8049,,sp|Q70EK9|UBP51_HUMAN|window_43
Q70EK9,128,ARPPPPPP,4,0.8035,,sp|Q70EK9|UBP51_HUMAN|window_127
Q70EK9,324,FMTSGFED,4,0.8031,,sp|Q70EK9|UBP51_HUMAN|window_323
Q9BQY6,39,ECEVEEID,4,0.9543,,sp|Q9BQY6|WFDC6_HUMAN|window_38
Q9BQY6,38,VECEVEEI,4,0.9476,,sp|Q9BQY6|WFDC6_HUMAN|window_37
Q9BQY6,12,PFILLGDI,4,0.9447,,sp|Q9BQY6|WFDC6_HUMAN|window_11
Q9BQY6,11,VPFILLGD,4,0.9383,,sp|Q9BQY6|WFDC6_HUMAN|window_10
Q9BQY6,37,KVECEVEE,4,0.9382,,sp|Q9BQY6|WFDC6_HUMAN|window_36
Q9BQY6,36,IKVECEVE,4,0.9373,,sp|Q9BQY6|WFDC6_HUMAN|window_35
Q9BQY6,10,LVPFILLG,4,0.9341,,sp|Q9BQY6|WFDC6_HUMAN|window_9
Q9BQY6,13,FILLGDIQ,4,0.9287,,sp|Q9BQY6|WFDC6_HUMAN|window_12
Q9BQY6,35,KIKVECEV,4,0.9258,,sp|Q9BQY6|WFDC6_HUMAN|window_34
Q9BQY6,40,CEVEEIDQ,4,0.9244,,sp|Q9BQY6|WFDC6_HUMAN|window_39
Q9BQY6,41,EVEEIDQC,4,0.9135,,sp|Q9BQY6|WFDC6_HUMAN|window_40
Q9BQY6,34,PKIKVECE,4,0.9124,,sp|Q9BQY6|WFDC6_HUMAN|window_33
Q9BQY6,14,ILLGDIQE,4,0.9058,,sp|Q9BQY6|WFDC6_HUMAN|window_13
Q9BQY6,83,LAPAWPPY,4,0.9052,,sp|Q9BQY6|WFDC6_HUMAN|window_82
Q9BQY6,9,ILVPFILL,4,0.9009,,sp|Q9BQY6|WFDC6_HUMAN|window_8
Q9BQY6,15,LLGDIQEP,4,0.8823,,sp|Q9BQY6|WFDC6_HUMAN|window_14
Q9BQY6,80,HRRLAPAW,4,0.8714,,sp|Q9BQY6|WFDC6_HUMAN|window_79
Q9BQY6,84,APAWPPYH,4,0.8664,,sp|Q9BQY6|WFDC6_HUMAN|window_83
Q9BQY6,81,RRLAPAWP,4,0.8594,,sp|Q9BQY6|WFDC6_HUMAN|window_80
Q9BQY6,6,LLPILVPF,4,0.8505,,sp|Q9BQY6|WFDC6_HUMAN|window_5
Q9BQY6,82,RLAPAWPP,4,0.849,,sp|Q9BQY6|WFDC6_HUMAN|window_81
Q9BQY6,85,PAWPPYHT,4,0.8471,,sp|Q9BQY6|WFDC6_HUMAN|window_84
Q9BQY6,7,LPILVPFI,4,0.8457,,sp|Q9BQY6|WFDC6_HUMAN|window_6
Q9BQY6,1,MGLSGLLP,4,0.8456,,sp|Q9BQY6|WFDC6_HUMAN|window_0
Q9BQY6,8,PILVPFIL,4,0.8425,,sp|Q9BQY6|WFDC6_HUMAN|window_7
Q9BQY6,86,AWPPYHTG,4,0.8277,,sp|Q9BQY6|WFDC6_HUMAN|window_85
Q9BQY6,79,CHRRLAPA,4,0.8258,,sp|Q9BQY6|WFDC6_HUMAN|window_78
Q9BQY6,33,CPKIKVEC,4,0.8206,,sp|Q9BQY6|WFDC6_HUMAN|window_32
Q9BQY6,4,SGLLPILV,4,0.8187,,sp|Q9BQY6|WFDC6_HUMAN|window_3
Q9BQY6,3,LSGLLPIL,4,0.8177,,sp|Q9BQY6|WFDC6_HUMAN|window_2
Q9BQY6,16,LGDIQEPG,4,0.8165,,sp|Q9BQY6|WFDC6_HUMAN|window_15
Q9BQY6,2,GLSGLLPI,4,0.8112,,sp|Q9BQY6|WFDC6_HUMAN|window_1
Q9BQY6,88,PPYHTGGT,4,0.8052,,sp|Q9BQY6|WFDC6_HUMAN|window_87
Q8IZP9,276,ATSFAEPP,4,0.9276,,sp|Q8IZP9|AGRG2_HUMAN|window_275
Q8IZP9,299,IQPLSPQP,4,0.9269,,sp|Q8IZP9|AGRG2_HUMAN|window_298
Q8IZP9,274,PKATSFAE,4,0.9255,,sp|Q8IZP9|AGRG2_HUMAN|window_273
Q8IZP9,316,IDMPPQSE,4,0.9243,,sp|Q8IZP9|AGRG2_HUMAN|window_315
Q8IZP9,314,PAIDMPPQ,4,0.9235,,sp|Q8IZP9|AGRG2_HUMAN|window_313
Q8IZP9,315,AIDMPPQS,4,0.9215,,sp|Q8IZP9|AGRG2_HUMAN|window_314
Q8IZP9,272,QVPKATSF,4,0.9211,,sp|Q8IZP9|AGRG2_HUMAN|window_271
Q8IZP9,275,KATSFAEP,4,0.9205,,sp|Q8IZP9|AGRG2_HUMAN|window_274
Q8IZP9,296,IGEIQPLS,4,0.9177,,sp|Q8IZP9|AGRG2_HUMAN|window_295
Q8IZP9,313,SPAIDMPP,4,0.9167,,sp|Q8IZP9|AGRG2_HUMAN|window_312
Q8IZP9,307,SAPIASSP,4,0.9122,,sp|Q8IZP9|AGRG2_HUMAN|window_306
Q8IZP9,297,GEIQPLSP,4,0.9116,,sp|Q8IZP9|AGRG2_HUMAN|window_296
Q8IZP9,273,VPKATSFA,4,0.9114,,sp|Q8IZP9|AGRG2_HUMAN|window_272
Q8IZP9,52,AKLSVVSF,4,0.9065,,sp|Q8IZP9|AGRG2_HUMAN|window_51
Q8IZP9,310,IASSPAID,4,0.9062,,sp|Q8IZP9|AGRG2_HUMAN|window_309
Q8IZP9,317,DMPPQSET,4,0.9047,,sp|Q8IZP9|AGRG2_HUMAN|window_316
Q8IZP9,312,SSPAIDMP,4,0.9029,,sp|Q8IZP9|AGRG2_HUMAN|window_311
Q8IZP9,309,PIASSPAI,4,0.9029,,sp|Q8IZP9|AGRG2_HUMAN|window_308
Q8IZP9,277,TSFAEPPD,4,0.9012,,sp|Q8IZP9|AGRG2_HUMAN|window_276
Q8IZP9,306,PSAPIASS,4,0.9011,,sp|Q8IZP9|AGRG2_HUMAN|window_305
Q8IZP9,318,MPPQSETI,4,0.9006,,sp|Q8IZP9|AGRG2_HUMAN|window_317
Q8IZP9,293,PSPIGEIQ,4,0.8984,,sp|Q8IZP9|AGRG2_HUMAN|window_292
Q8IZP9,311,ASSPAIDM,4,0.8983,,sp|Q8IZP9|AGRG2_HUMAN|window_310
Q8IZP9,295,PIGEIQPL,4,0.8971,,sp|Q8IZP9|AGRG2_HUMAN|window_294
Q8IZP9,271,SQVPKATS,4,0.8941,,sp|Q8IZP9|AGRG2_HUMAN|window_270
Q8IZP9,308,APIASSPA,4,0.8931,,sp|Q8IZP9|AGRG2_HUMAN|window_307
Q8IZP9,278,SFAEPPDY,4,0.892,,sp|Q8IZP9|AGRG2_HUMAN|window_277
Q8IZP9,298,EIQPLSPQ,4,0.8919,,sp|Q8IZP9|AGRG2_HUMAN|window_297
Q8IZP9,53,KLSVVSFA,4,0.8917,,sp|Q8IZP9|AGRG2_HUMAN|window_52
Q8IZP9,270,LSQVPKAT,4,0.8912,,sp|Q8IZP9|AGRG2_HUMAN|window_269
Q8IZP9,269,VLSQVPKA,4,0.8878,,sp|Q8IZP9|AGRG2_HUMAN|window_268
Q8IZP9,332,THVSGTPP,4,0.8872,,sp|Q8IZP9|AGRG2_HUMAN|window_331
Q8IZP9,341,VKASFSSP,4,0.8799,,sp|Q8IZP9|AGRG2_HUMAN|window_340
Q8IZP9,51,PAKLSVVS,4,0.8757,,sp|Q8IZP9|AGRG2_HUMAN|window_50
Q8IZP9,279,FAEPPDYS,4,0.875,,sp|Q8IZP9|AGRG2_HUMAN|window_278
Q8IZP9,54,LSVVSFAP,4,0.8733,,sp|Q8IZP9|AGRG2_HUMAN|window_53
Q8IZP9,325,ISSPMPQT,4,0.8725,,sp|Q8IZP9|AGRG2_HUMAN|window_324
Q8IZP9,281,EPPDYSPV,4,0.8709,,sp|Q8IZP9|AGRG2_HUMAN|window_280
Q8IZP9,331,QTHVSGTP,4,0.8708,,sp|Q8IZP9|AGRG2_HUMAN|window_330
Q8IZP9,324,TISSPMPQ,4,0.8679,,sp|Q8IZP9|AGRG2_HUMAN|window_323
Q8IZP9,326,SSPMPQTH,4,0.8677,,sp|Q8IZP9|AGRG2_HUMAN|window_325
Q8IZP9,330,PQTHVSGT,4,0.8657,,sp|Q8IZP9|AGRG2_HUMAN|window_329
Q8IZP9,280,AEPPDYSP,4,0.8656,,sp|Q8IZP9|AGRG2_HUMAN|window_279
Q8IZP9,77,VTLSLLPS,4,0.8651,,sp|Q8IZP9|AGRG2_HUMAN|window_76
Q8IZP9,319,PPQSETIS,4,0.8625,,sp|Q8IZP9|AGRG2_HUMAN|window_318
Q8IZP9,342,KASFSSPT,4,0.8617,,sp|Q8IZP9|AGRG2_HUMAN|window_341
Q8IZP9,340,PVKASFSS,4,0.8617,,sp|Q8IZP9|AGRG2_HUMAN|window_339
Q8IZP9,294,SPIGEIQP,4,0.8605,,sp|Q8IZP9|AGRG2_HUMAN|window_293
Q8IZP9,320,PQSETISS,4,0.8589,,sp|Q8IZP9|AGRG2_HUMAN|window_319
Q8IZP9,55,SVVSFAPS,4,0.8582,,sp|Q8IZP9|AGRG2_HUMAN|window_54
Q8IZP9,305,QPSAPIAS,4,0.8573,,sp|Q8IZP9|AGRG2_HUMAN|window_304
Q8IZP9,333,HVSGTPPP,4,0.8564,,sp|Q8IZP9|AGRG2_HUMAN|window_332
Q8IZP9,350,VSAPANVN,4,0.8563,,sp|Q8IZP9|AGRG2_HUMAN|window_349
Q8IZP9,300,QPLSPQPS,4,0.8557,,sp|Q8IZP9|AGRG2_HUMAN|window_299
Q8IZP9,292,VPSPIGEI,4,0.8541,,sp|Q8IZP9|AGRG2_HUMAN|window_291
Q8IZP9,348,PTVSAPAN,4,0.8508,,sp|Q8IZP9|AGRG2_HUMAN|window_347
Q8IZP9,56,VVSFAPSS,4,0.8476,,sp|Q8IZP9|AGRG2_HUMAN|window_55
Q8IZP9,323,ETISSPMP,4,0.8465,,sp|Q8IZP9|AGRG2_HUMAN|window_322
Q8IZP9,329,MPQTHVSG,4,0.8463,,sp|Q8IZP9|AGRG2_HUMAN|window_328
Q8IZP9,339,PPVKASFS,4,0.8462,,sp|Q8IZP9|AGRG2_HUMAN|window_338
Q8IZP9,282,PPDYSPVT,4,0.8462,,sp|Q8IZP9|AGRG2_HUMAN|window_281
Q8IZP9,949,CSVHASGN,4,0.845,,sp|Q8IZP9|AGRG2_HUMAN|window_948
Q8IZP9,50,PPAKLSVV,4,0.8446,,sp|Q8IZP9|AGRG2_HUMAN|window_49
Q8IZP9,78,TLSLLPSN,4,0.8445,,sp|Q8IZP9|AGRG2_HUMAN|window_77
Q8IZP9,349,TVSAPANV,4,0.844,,sp|Q8IZP9|AGRG2_HUMAN|window_348
Q8IZP9,321,QSETISSP,4,0.8415,,sp|Q8IZP9|AGRG2_HUMAN|window_320
Q8IZP9,343,ASFSSPTV,4,0.8401,,sp|Q8IZP9|AGRG2_HUMAN|window_342
Q8IZP9,948,DCSVHASG,4,0.8399,,sp|Q8IZP9|AGRG2_HUMAN|window_947
Q8IZP9,328,PMPQTHVS,4,0.839,,sp|Q8IZP9|AGRG2_HUMAN|window_327
Q8IZP9,304,PQPSAPIA,4,0.8388,,sp|Q8IZP9|AGRG2_HUMAN|window_303
Q8IZP9,322,SETISSPM,4,0.8342,,sp|Q8IZP9|AGRG2_HUMAN|window_321
Q8IZP9,268,TVLSQVPK,4,0.832,,sp|Q8IZP9|AGRG2_HUMAN|window_267
Q8IZP9,266,RATVLSQV,4,0.8309,,sp|Q8IZP9|AGRG2_HUMAN|window_265
Q8IZP9,291,NVPSPIGE,4,0.8305,,sp|Q8IZP9|AGRG2_HUMAN|window_290
Q8IZP9,267,ATVLSQVP,4,0.8286,,sp|Q8IZP9|AGRG2_HUMAN|window_266
Q8IZP9,347,SPTVSAPA,4,0.8283,,sp|Q8IZP9|AGRG2_HUMAN|window_346
Q8IZP9,57,VSFAPSSN,4,0.826,,sp|Q8IZP9|AGRG2_HUMAN|window_56
Q8IZP9,351,SAPANVNT,4,0.8245,,sp|Q8IZP9|AGRG2_HUMAN|window_350
Q8IZP9,285,YSPVTHNV,4,0.8236,,sp|Q8IZP9|AGRG2_HUMAN|window_284
Q8IZP9,352,APANVNTT,4,0.8227,,sp|Q8IZP9|AGRG2_HUMAN|window_351
Q8IZP9,951,VHASGNGN,4,0.8227,,sp|Q8IZP9|AGRG2_HUMAN|window_950
Q8IZP9,59,FAPSSNGT,4,0.8218,,sp|Q8IZP9|AGRG2_HUMAN|window_58
Q8IZP9,37,SLEEDTDN,4,0.8217,,sp|Q8IZP9|AGRG2_HUMAN|window_36
Q8IZP9,38,LEEDTDNS,4,0.8212,,sp|Q8IZP9|AGRG2_HUMAN|window_37
Q8IZP9,301,PLSPQPSA,4,0.8177,,sp|Q8IZP9|AGRG2_HUMAN|window_300
Q8IZP9,302,LSPQPSAP,4,0.8155,,sp|Q8IZP9|AGRG2_HUMAN|window_301
Q8IZP9,334,VSGTPPPV,4,0.8154,,sp|Q8IZP9|AGRG2_HUMAN|window_333
Q8IZP9,265,PRATVLSQ,4,0.815,,sp|Q8IZP9|AGRG2_HUMAN|window_264
Q8IZP9,58,SFAPSSNG,4,0.8134,,sp|Q8IZP9|AGRG2_HUMAN|window_57
Q8IZP9,263,VVPRATVL,4,0.813,,sp|Q8IZP9|AGRG2_HUMAN|window_262
Q8IZP9,283,PDYSPVTH,4,0.8112,,sp|Q8IZP9|AGRG2_HUMAN|window_282
Q8IZP9,36,TSLEEDTD,4,0.8112,,sp|Q8IZP9|AGRG2_HUMAN|window_35
Q8IZP9,303,SPQPSAPI,4,0.811,,sp|Q8IZP9|AGRG2_HUMAN|window_302
Q8IZP9,338,PPPVKASF,4,0.8096,,sp|Q8IZP9|AGRG2_HUMAN|window_337
Q8IZP9,76,DVTLSLLP,4,0.8091,,sp|Q8IZP9|AGRG2_HUMAN|window_75
Q8IZP9,290,HNVPSPIG,4,0.8042,,sp|Q8IZP9|AGRG2_HUMAN|window_289
Q8IZP9,950,SVHASGNG,4,0.8024,,sp|Q8IZP9|AGRG2_HUMAN|window_949
Q8IZP9,354,ANVNTTSA,4,0.8001,,sp|Q8IZP9|AGRG2_HUMAN|window_353
Q30KR1,70,PTPLIMSD,4,0.9232,,sp|Q30KR1|DB109_HUMAN|window_69
Q30KR1,71,TPLIMSDY,4,0.9209,,sp|Q30KR1|DB109_HUMAN|window_70
Q30KR1,72,PLIMSDYQ,4,0.9151,,sp|Q30KR1|DB109_HUMAN|window_71
Q30KR1,73,LIMSDYQE,4,0.9085,,sp|Q30KR1|DB109_HUMAN|window_72
Q30KR1,69,IPTPLIMS,4,0.8983,,sp|Q30KR1|DB109_HUMAN|window_68
Q30KR1,74,IMSDYQEP,4,0.874,,sp|Q30KR1|DB109_HUMAN|window_73
Q30KR1,38,CRTDVCNI,4,0.8527,,sp|Q30KR1|DB109_HUMAN|window_37
Q30KR1,11,LLFSILLS,4,0.8453,,sp|Q30KR1|DB109_HUMAN|window_10
Q30KR1,10,LLLFSILL,4,0.8401,,sp|Q30KR1|DB109_HUMAN|window_9
Q30KR1,68,PIPTPLIM,4,0.8291,,sp|Q30KR1|DB109_HUMAN|window_67
Q30KR1,37,VCRTDVCN,4,0.8282,,sp|Q30KR1|DB109_HUMAN|window_36
Q30KR1,9,ILLLFSIL,4,0.8178,,sp|Q30KR1|DB109_HUMAN|window_8
Q30KR1,18,SPVRGGLG,4,0.8176,,sp|Q30KR1|DB109_HUMAN|window_17
Q30KR1,12,LFSILLSP,4,0.8159,,sp|Q30KR1|DB109_HUMAN|window_11
Q30KR1,36,GVCRTDVC,4,0.8109,,sp|Q30KR1|DB109_HUMAN|window_35
Q30KR1,8,LILLLFSI,4,0.8013,,sp|Q30KR1|DB109_HUMAN|window_7
Q30KR1,30,HCLNLFGV,4,0.8005,,sp|Q30KR1|DB109_HUMAN|window_29
P56377,64,LYFCCAIE,4,0.903,,sp|P56377|AP1S2_HUMAN|window_63
P56377,63,SLYFCCAI,4,0.8685,,sp|P56377|AP1S2_HUMAN|window_62
P56377,62,ASLYFCCA,4,0.8488,,sp|P56377|AP1S2_HUMAN|window_61
P56377,150,VLEEIGLT,4,0.8465,,sp|P56377|AP1S2_HUMAN|window_149
P56377,111,FILDEFLL,4,0.8364,,sp|P56377|AP1S2_HUMAN|window_110
P56377,149,SVLEEIGL,4,0.8249,,sp|P56377|AP1S2_HUMAN|window_148
P56377,65,YFCCAIED,4,0.8127,,sp|P56377|AP1S2_HUMAN|window_64
Q99966,7,PALDVKGG,4,0.923,,sp|Q99966|CITE1_HUMAN|window_6
Q99966,40,KAVAILHY,4,0.9218,,sp|Q99966|CITE1_HUMAN|window_39
Q99966,5,SRPALDVK,4,0.9175,,sp|Q99966|CITE1_HUMAN|window_4
Q99966,44,ILHYPGVA,4,0.9174,,sp|Q99966|CITE1_HUMAN|window_43
Q99966,43,AILHYPGV,4,0.9147,,sp|Q99966|CITE1_HUMAN|window_42
Q99966,9,LDVKGGTS,4,0.9144,,sp|Q99966|CITE1_HUMAN|window_8
Q99966,6,RPALDVKG,4,0.9144,,sp|Q99966|CITE1_HUMAN|window_5
Q99966,8,ALDVKGGT,4,0.9135,,sp|Q99966|CITE1_HUMAN|window_7
Q99966,42,VAILHYPG,4,0.9091,,sp|Q99966|CITE1_HUMAN|window_41
Q99966,39,RKAVAILH,4,0.908,,sp|Q99966|CITE1_HUMAN|window_38
Q99966,41,AVAILHYP,4,0.9032,,sp|Q99966|CITE1_HUMAN|window_40
Q99966,4,TSRPALDV,4,0.8933,,sp|Q99966|CITE1_HUMAN|window_3
Q99966,50,VASNGTKA,4,0.8891,,sp|Q99966|CITE1_HUMAN|window_49
Q99966,49,GVASNGTK,4,0.874,,sp|Q99966|CITE1_HUMAN|window_48
Q99966,38,DRKAVAIL,4,0.8706,,sp|Q99966|CITE1_HUMAN|window_37
Q99966,45,LHYPGVAS,4,0.8609,,sp|Q99966|CITE1_HUMAN|window_44
Q99966,48,PGVASNGT,4,0.8462,,sp|Q99966|CITE1_HUMAN|window_47
Q99966,46,HYPGVASN,4,0.8433,,sp|Q99966|CITE1_HUMAN|window_45
Q99966,3,TTSRPALD,4,0.8368,,sp|Q99966|CITE1_HUMAN|window_2
Q99966,183,FDFTADFP,4,0.8315,,sp|Q99966|CITE1_HUMAN|window_182
Q99966,10,DVKGGTSP,4,0.8304,,sp|Q99966|CITE1_HUMAN|window_9
Q99966,47,YPGVASNG,4,0.825,,sp|Q99966|CITE1_HUMAN|window_46
Q99966,68,PIGSPTTT,4,0.825,,sp|Q99966|CITE1_HUMAN|window_67
Q99966,37,KDRKAVAI,4,0.8226,,sp|Q99966|CITE1_HUMAN|window_36
Q99966,106,GMAAATPG,4,0.8211,,sp|Q99966|CITE1_HUMAN|window_105
Q99966,69,IGSPTTTP,4,0.8058,,sp|Q99966|CITE1_HUMAN|window_68
Q99966,67,SPIGSPTT,4,0.8039,,sp|Q99966|CITE1_HUMAN|window_66
Q99966,105,QGMAAATP,4,0.8012,,sp|Q99966|CITE1_HUMAN|window_104
Q99966,123,NWDFGAQA,4,0.8007,,sp|Q99966|CITE1_HUMAN|window_122
Q30KP8,11,FLVILLPS,4,0.8824,,sp|Q30KP8|DB136_HUMAN|window_10
Q30KP8,10,FFLVILLP,4,0.8748,,sp|Q30KP8|DB136_HUMAN|window_9
Q30KP8,9,LFFLVILL,4,0.8704,,sp|Q30KP8|DB136_HUMAN|window_8
Q30KP8,22,MFGNDGVK,4,0.8345,,sp|Q30KP8|DB136_HUMAN|window_21
Q30KP8,8,LLFFLVIL,4,0.83,,sp|Q30KP8|DB136_HUMAN|window_7
Q30KP8,12,LVILLPSG,4,0.8208,,sp|Q30KP8|DB136_HUMAN|window_11
Q30KP8,23,FGNDGVKV,4,0.8193,,sp|Q30KP8|DB136_HUMAN|window_22
Q30KP8,7,ALLFFLVI,4,0.8087,,sp|Q30KP8|DB136_HUMAN|window_6
Q30KP8,15,LLPSGKGM,4,0.8061,,sp|Q30KP8|DB136_HUMAN|window_14
Q30KP8,3,LCLSALLF,4,0.8056,,sp|Q30KP8|DB136_HUMAN|window_2
Q30KP8,68,QPPQAKDP,4,0.8002,,sp|Q30KP8|DB136_HUMAN|window_67
O75715,10,LLPLLLAC,4,0.8823,,sp|O75715|GPX5_HUMAN|window_9
O75715,14,LLACFVQT,4,0.8817,,sp|O75715|GPX5_HUMAN|window_13
O75715,11,LPLLLACF,4,0.8813,,sp|O75715|GPX5_HUMAN|window_10
O75715,4,QLRVVHLL,4,0.8729,,sp|O75715|GPX5_HUMAN|window_3
O75715,3,TQLRVVHL,4,0.8695,,sp|O75715|GPX5_HUMAN|window_2
O75715,13,LLLACFVQ,4,0.8649,,sp|O75715|GPX5_HUMAN|window_12
O75715,12,PLLLACFV,4,0.8568,,sp|O75715|GPX5_HUMAN|window_11
O75715,2,TTQLRVVH,4,0.8404,,sp|O75715|GPX5_HUMAN|window_1
O75715,5,LRVVHLLP,4,0.835,,sp|O75715|GPX5_HUMAN|window_4
O75715,9,HLLPLLLA,4,0.8292,,sp|O75715|GPX5_HUMAN|window_8
O75715,7,VVHLLPLL,4,0.827,,sp|O75715|GPX5_HUMAN|window_6
O75715,15,LACFVQTS,4,0.8266,,sp|O75715|GPX5_HUMAN|window_14
O75715,6,RVVHLLPL,4,0.8187,,sp|O75715|GPX5_HUMAN|window_5
O75715,1,MTTQLRVV,4,0.811,,sp|O75715|GPX5_HUMAN|window_0
O75715,8,VHLLPLLL,4,0.8089,,sp|O75715|GPX5_HUMAN|window_7
P57052,219,VPDLEAGP,4,0.9474,,sp|P57052|RBM11_HUMAN|window_218
P57052,220,PDLEAGPS,4,0.9449,,sp|P57052|RBM11_HUMAN|window_219
P57052,221,DLEAGPSS,4,0.9362,,sp|P57052|RBM11_HUMAN|window_220
P57052,218,HVPDLEAG,4,0.9345,,sp|P57052|RBM11_HUMAN|window_217
P57052,224,AGPSSYKW,4,0.9268,,sp|P57052|RBM11_HUMAN|window_223
P57052,222,LEAGPSSY,4,0.9253,,sp|P57052|RBM11_HUMAN|window_221
P57052,223,EAGPSSYK,4,0.9096,,sp|P57052|RBM11_HUMAN|window_222
P57052,199,LYQMTAPL,4,0.8978,,sp|P57052|RBM11_HUMAN|window_198
P57052,198,DLYQMTAP,4,0.8949,,sp|P57052|RBM11_HUMAN|window_197
P57052,212,VSSSLNHV,4,0.8926,,sp|P57052|RBM11_HUMAN|window_211
P57052,213,SSSLNHVP,4,0.8919,,sp|P57052|RBM11_HUMAN|window_212
P57052,225,GPSSYKWT,4,0.8876,,sp|P57052|RBM11_HUMAN|window_224
P57052,210,ASVSSSLN,4,0.8842,,sp|P57052|RBM11_HUMAN|window_209
P57052,126,YFPINNTS,4,0.8785,,sp|P57052|RBM11_HUMAN|window_125
P57052,125,QYFPINNT,4,0.877,,sp|P57052|RBM11_HUMAN|window_124
P57052,214,SSLNHVPD,4,0.8765,,sp|P57052|RBM11_HUMAN|window_213
P57052,226,PSSYKWTH,4,0.8756,,sp|P57052|RBM11_HUMAN|window_225
P57052,124,MQYFPINN,4,0.8726,,sp|P57052|RBM11_HUMAN|window_123
P57052,200,YQMTAPLP,4,0.8707,,sp|P57052|RBM11_HUMAN|window_199
P57052,227,SSYKWTHQ,4,0.8703,,sp|P57052|RBM11_HUMAN|window_226
P57052,217,NHVPDLEA,4,0.8687,,sp|P57052|RBM11_HUMAN|window_216
P57052,211,SVSSSLNH,4,0.867,,sp|P57052|RBM11_HUMAN|window_210
P57052,229,YKWTHQQP,4,0.8601,,sp|P57052|RBM11_HUMAN|window_228
P57052,196,DSDLYQMT,4,0.859,,sp|P57052|RBM11_HUMAN|window_195
P57052,178,PDLEAGPS,4,0.8585,,sp|P57052|RBM11_HUMAN|window_177
P57052,197,SDLYQMTA,4,0.8576,,sp|P57052|RBM11_HUMAN|window_196
P57052,228,SYKWTHQQ,4,0.8549,,sp|P57052|RBM11_HUMAN|window_227
P57052,177,VPDLEAGP,4,0.8541,,sp|P57052|RBM11_HUMAN|window_176
P57052,231,WTHQQPSD,4,0.8513,,sp|P57052|RBM11_HUMAN|window_230
P57052,176,HVPDLEAG,4,0.8444,,sp|P57052|RBM11_HUMAN|window_175
P57052,230,KWTHQQPS,4,0.8439,,sp|P57052|RBM11_HUMAN|window_229
P57052,101,SCVKINSH,4,0.8417,,sp|P57052|RBM11_HUMAN|window_100
P57052,157,YYEMTAPL,4,0.8407,,sp|P57052|RBM11_HUMAN|window_156
P57052,182,AGPSSYKW,4,0.8381,,sp|P57052|RBM11_HUMAN|window_181
P57052,203,TAPLPNSA,4,0.8381,,sp|P57052|RBM11_HUMAN|window_202
P57052,216,LNHVPDLE,4,0.8366,,sp|P57052|RBM11_HUMAN|window_215
P57052,102,CVKINSHN,4,0.8356,,sp|P57052|RBM11_HUMAN|window_101
P57052,123,PMQYFPIN,4,0.8354,,sp|P57052|RBM11_HUMAN|window_122
P57052,181,EAGPSSYK,4,0.8338,,sp|P57052|RBM11_HUMAN|window_180
P57052,100,ESCVKINS,4,0.8338,,sp|P57052|RBM11_HUMAN|window_99
P57052,180,LEAGPSSY,4,0.8309,,sp|P57052|RBM11_HUMAN|window_179
P57052,122,FPMQYFPI,4,0.8273,,sp|P57052|RBM11_HUMAN|window_121
P57052,179,DLEAGPSS,4,0.8269,,sp|P57052|RBM11_HUMAN|window_178
P57052,195,SDSDLYQM,4,0.8258,,sp|P57052|RBM11_HUMAN|window_194
P57052,209,SASVSSSL,4,0.8257,,sp|P57052|RBM11_HUMAN|window_208
P57052,148,VYNPVLQL,4,0.8257,,sp|P57052|RBM11_HUMAN|window_147
P57052,146,WHVYNPVL,4,0.8256,,sp|P57052|RBM11_HUMAN|window_145
P57052,134,LPQEYFLF,4,0.8229,,sp|P57052|RBM11_HUMAN|window_133
P57052,121,SFPMQYFP,4,0.8221,,sp|P57052|RBM11_HUMAN|window_120
P57052,205,PLPNSASV,4,0.822,,sp|P57052|RBM11_HUMAN|window_204
P57052,158,YEMTAPLP,4,0.8213,,sp|P57052|RBM11_HUMAN|window_157
P57052,215,SLNHVPDL,4,0.8189,,sp|P57052|RBM11_HUMAN|window_214
P57052,202,MTAPLPNS,4,0.8177,,sp|P57052|RBM11_HUMAN|window_201
P57052,144,MQWHVYNP,4,0.8171,,sp|P57052|RBM11_HUMAN|window_143
P57052,187,YKWTHQQP,4,0.8156,,sp|P57052|RBM11_HUMAN|window_186
P57052,99,FESCVKIN,4,0.8151,,sp|P57052|RBM11_HUMAN|window_98
P57052,103,VKINSHNY,4,0.8144,,sp|P57052|RBM11_HUMAN|window_102
P57052,204,APLPNSAS,4,0.8135,,sp|P57052|RBM11_HUMAN|window_203
P57052,201,QMTAPLPN,4,0.8121,,sp|P57052|RBM11_HUMAN|window_200
P57052,172,SSLNHVPD,4,0.8115,,sp|P57052|RBM11_HUMAN|window_171
P57052,234,QQPSDSDL,4,0.8082,,sp|P57052|RBM11_HUMAN|window_233
P57052,235,QPSDSDLY,4,0.8079,,sp|P57052|RBM11_HUMAN|window_234
P57052,133,SLPQEYFL,4,0.8075,,sp|P57052|RBM11_HUMAN|window_132
P57052,206,LPNSASVS,4,0.8073,,sp|P57052|RBM11_HUMAN|window_205
P57052,143,KMQWHVYN,4,0.805,,sp|P57052|RBM11_HUMAN|window_142
P57052,135,PQEYFLFQ,4,0.8047,,sp|P57052|RBM11_HUMAN|window_134
P57052,186,SYKWTHQQ,4,0.8041,,sp|P57052|RBM11_HUMAN|window_185
P57052,116,LVGRSSFP,4,0.8022,,sp|P57052|RBM11_HUMAN|window_115
P57052,185,SSYKWTHQ,4,0.8021,,sp|P57052|RBM11_HUMAN|window_184
P57052,236,PSDSDLYQ,4,0.8013,,sp|P57052|RBM11_HUMAN|window_235
P57052,170,VSSSLNHV,4,0.801,,sp|P57052|RBM11_HUMAN|window_169
P57052,145,QWHVYNPV,4,0.8008,,sp|P57052|RBM11_HUMAN|window_144
A0A3B3IRV1,432,KAVAILHY,4,0.9251,,tr|A0A3B3IRV1|A0A3B3IRV1_HUMAN|window_431
A0A3B3IRV1,433,AVAILHYP,4,0.9198,,tr|A0A3B3IRV1|A0A3B3IRV1_HUMAN|window_432
A0A3B3IRV1,431,RKAVAILH,4,0.9122,,tr|A0A3B3IRV1|A0A3B3IRV1_HUMAN|window_430
A0A3B3IRV1,434,VAILHYPG,4,0.9102,,tr|A0A3B3IRV1|A0A3B3IRV1_HUMAN|window_433
A0A3B3IRV1,436,ILHYPGVA,4,0.9099,,tr|A0A3B3IRV1|A0A3B3IRV1_HUMAN|window_435
A0A3B3IRV1,430,DRKAVAIL,4,0.9075,,tr|A0A3B3IRV1|A0A3B3IRV1_HUMAN|window_429
A0A3B3IRV1,435,AILHYPGV,4,0.907,,tr|A0A3B3IRV1|A0A3B3IRV1_HUMAN|window_434
A0A3B3IRV1,442,VASNGTKA,4,0.8709,,tr|A0A3B3IRV1|A0A3B3IRV1_HUMAN|window_441
A0A3B3IRV1,429,KDRKAVAI,4,0.8699,,tr|A0A3B3IRV1|A0A3B3IRV1_HUMAN|window_428
A0A3B3IRV1,441,GVASNGTK,4,0.8654,,tr|A0A3B3IRV1|A0A3B3IRV1_HUMAN|window_440
A0A3B3IRV1,446,GTKASGAP,4,0.8603,,tr|A0A3B3IRV1|A0A3B3IRV1_HUMAN|window_445
A0A3B3IRV1,445,NGTKASGA,4,0.8557,,tr|A0A3B3IRV1|A0A3B3IRV1_HUMAN|window_444
A0A3B3IRV1,437,LHYPGVAS,4,0.8553,,tr|A0A3B3IRV1|A0A3B3IRV1_HUMAN|window_436
A0A3B3IRV1,440,PGVASNGT,4,0.8451,,tr|A0A3B3IRV1|A0A3B3IRV1_HUMAN|window_439
A0A3B3IRV1,401,LDVKGGTS,4,0.8444,,tr|A0A3B3IRV1|A0A3B3IRV1_HUMAN|window_400
A0A3B3IRV1,438,HYPGVASN,4,0.8412,,tr|A0A3B3IRV1|A0A3B3IRV1_HUMAN|window_437
A0A3B3IRV1,447,TKASGAPT,4,0.8365,,tr|A0A3B3IRV1|A0A3B3IRV1_HUMAN|window_446
A0A3B3IRV1,439,YPGVASNG,4,0.8346,,tr|A0A3B3IRV1|A0A3B3IRV1_HUMAN|window_438
A0A3B3IRV1,444,SNGTKASG,4,0.8272,,tr|A0A3B3IRV1|A0A3B3IRV1_HUMAN|window_443
A0A3B3IRV1,443,ASNGTKAS,4,0.8259,,tr|A0A3B3IRV1|A0A3B3IRV1_HUMAN|window_442
A0A3B3IRV1,400,ALDVKGGT,4,0.8166,,tr|A0A3B3IRV1|A0A3B3IRV1_HUMAN|window_399
A0A3B3IRV1,458,GSPIGSPT,4,0.8159,,tr|A0A3B3IRV1|A0A3B3IRV1_HUMAN|window_457
A0A3B3IRV1,455,SSSGSPIG,4,0.8106,,tr|A0A3B3IRV1|A0A3B3IRV1_HUMAN|window_454
A0A3B3IRV1,460,PIGSPTTT,4,0.8066,,tr|A0A3B3IRV1|A0A3B3IRV1_HUMAN|window_459
A0A3B3IRV1,459,SPIGSPTT,4,0.806,,tr|A0A3B3IRV1|A0A3B3IRV1_HUMAN|window_458
Q9H213,45,EDDLSGPE,4,0.9095,,sp|Q9H213|MAGH1_HUMAN|window_44
Q9H213,46,DDLSGPEE,4,0.9075,,sp|Q9H213|MAGH1_HUMAN|window_45
Q9H213,44,PEDDLSGP,4,0.9031,,sp|Q9H213|MAGH1_HUMAN|window_43
Q9H213,43,TPEDDLSG,4,0.9001,,sp|Q9H213|MAGH1_HUMAN|window_42
Q9H213,36,AASVVAST,4,0.8987,,sp|Q9H213|MAGH1_HUMAN|window_35
Q9H213,35,MAASVVAS,4,0.8922,,sp|Q9H213|MAGH1_HUMAN|window_34
Q9H213,49,SGPEEDPS,4,0.891,,sp|Q9H213|MAGH1_HUMAN|window_48
Q9H213,34,PMAASVVA,4,0.8903,,sp|Q9H213|MAGH1_HUMAN|window_33
Q9H213,42,STPEDDLS,4,0.887,,sp|Q9H213|MAGH1_HUMAN|window_41
Q9H213,23,RKIQASEA,4,0.8862,,sp|Q9H213|MAGH1_HUMAN|window_22
Q9H213,58,PEEASTTP,4,0.8854,,sp|Q9H213|MAGH1_HUMAN|window_57
Q9H213,50,GPEEDPST,4,0.8851,,sp|Q9H213|MAGH1_HUMAN|window_49
Q9H213,39,VVASTPED,4,0.8846,,sp|Q9H213|MAGH1_HUMAN|window_38
Q9H213,40,VASTPEDD,4,0.8832,,sp|Q9H213|MAGH1_HUMAN|window_39
Q9H213,57,TPEEASTT,4,0.8825,,sp|Q9H213|MAGH1_HUMAN|window_56
Q9H213,15,AAEENRNN,4,0.8807,,sp|Q9H213|MAGH1_HUMAN|window_14
Q9H213,59,EEASTTPE,4,0.8798,,sp|Q9H213|MAGH1_HUMAN|window_58
Q9H213,14,RAAEENRN,4,0.8794,,sp|Q9H213|MAGH1_HUMAN|window_13
Q9H213,38,SVVASTPE,4,0.8774,,sp|Q9H213|MAGH1_HUMAN|window_37
Q9H213,48,LSGPEEDP,4,0.8725,,sp|Q9H213|MAGH1_HUMAN|window_47
Q9H213,32,ETPMAASV,4,0.8723,,sp|Q9H213|MAGH1_HUMAN|window_31
Q9H213,22,NRKIQASE,4,0.8722,,sp|Q9H213|MAGH1_HUMAN|window_21
Q9H213,27,ASEASETP,4,0.8722,,sp|Q9H213|MAGH1_HUMAN|window_26
Q9H213,13,ARAAEENR,4,0.8712,,sp|Q9H213|MAGH1_HUMAN|window_12
Q9H213,47,DLSGPEED,4,0.87,,sp|Q9H213|MAGH1_HUMAN|window_46
Q9H213,51,PEEDPSTP,4,0.8682,,sp|Q9H213|MAGH1_HUMAN|window_50
Q9H213,25,IQASEASE,4,0.8682,,sp|Q9H213|MAGH1_HUMAN|window_24
Q9H213,24,KIQASEAS,4,0.8678,,sp|Q9H213|MAGH1_HUMAN|window_23
Q9H213,37,ASVVASTP,4,0.8678,,sp|Q9H213|MAGH1_HUMAN|window_36
Q9H213,28,SEASETPM,4,0.8675,,sp|Q9H213|MAGH1_HUMAN|window_27
Q9H213,26,QASEASET,4,0.8675,,sp|Q9H213|MAGH1_HUMAN|window_25
Q9H213,60,EASTTPEE,4,0.8649,,sp|Q9H213|MAGH1_HUMAN|window_59
Q9H213,53,EDPSTPEE,4,0.8614,,sp|Q9H213|MAGH1_HUMAN|window_52
Q9H213,92,LMSILALI,4,0.8604,,sp|Q9H213|MAGH1_HUMAN|window_91
Q9H213,41,ASTPEDDL,4,0.8582,,sp|Q9H213|MAGH1_HUMAN|window_40
Q9H213,93,MSILALIF,4,0.8577,,sp|Q9H213|MAGH1_HUMAN|window_92
Q9H213,21,NNRKIQAS,4,0.856,,sp|Q9H213|MAGH1_HUMAN|window_20
Q9H213,56,STPEEAST,4,0.8525,,sp|Q9H213|MAGH1_HUMAN|window_55
Q9H213,12,NARAAEEN,4,0.8512,,sp|Q9H213|MAGH1_HUMAN|window_11
Q9H213,33,TPMAASVV,4,0.8497,,sp|Q9H213|MAGH1_HUMAN|window_32
Q9H213,52,EEDPSTPE,4,0.8489,,sp|Q9H213|MAGH1_HUMAN|window_51
Q9H213,91,LLMSILAL,4,0.8483,,sp|Q9H213|MAGH1_HUMAN|window_90
Q9H213,11,RNARAAEE,4,0.8474,,sp|Q9H213|MAGH1_HUMAN|window_10
Q9H213,61,ASTTPEEA,4,0.8393,,sp|Q9H213|MAGH1_HUMAN|window_60
Q9H213,16,AEENRNNR,4,0.8346,,sp|Q9H213|MAGH1_HUMAN|window_15
Q9H213,55,PSTPEEAS,4,0.8341,,sp|Q9H213|MAGH1_HUMAN|window_54
Q9H213,30,ASETPMAA,4,0.8304,,sp|Q9H213|MAGH1_HUMAN|window_29
Q9H213,31,SETPMAAS,4,0.822,,sp|Q9H213|MAGH1_HUMAN|window_30
Q9H213,54,DPSTPEEA,4,0.819,,sp|Q9H213|MAGH1_HUMAN|window_53
Q9H213,29,EASETPMA,4,0.816,,sp|Q9H213|MAGH1_HUMAN|window_28
Q9H213,10,RRNARAAE,4,0.8102,,sp|Q9H213|MAGH1_HUMAN|window_9
Q5VZV1,25,LEAEKKGA,4,0.8973,,sp|Q5VZV1|MT21C_HUMAN|window_24
Q5VZV1,2,DVCLSSAQ,4,0.8937,,sp|Q5VZV1|MT21C_HUMAN|window_1
Q5VZV1,3,VCLSSAQQ,4,0.8923,,sp|Q5VZV1|MT21C_HUMAN|window_2
Q5VZV1,1,MDVCLSSA,4,0.892,,sp|Q5VZV1|MT21C_HUMAN|window_0
Q5VZV1,24,WLEAEKKG,4,0.883,,sp|Q5VZV1|MT21C_HUMAN|window_23
Q5VZV1,26,EAEKKGAP,4,0.8826,,sp|Q5VZV1|MT21C_HUMAN|window_25
Q5VZV1,13,RRGEGLSS,4,0.8757,,sp|Q5VZV1|MT21C_HUMAN|window_12
Q5VZV1,4,CLSSAQQP,4,0.8754,,sp|Q5VZV1|MT21C_HUMAN|window_3
Q5VZV1,23,GWLEAEKK,4,0.8743,,sp|Q5VZV1|MT21C_HUMAN|window_22
Q5VZV1,33,PQKDSTGG,4,0.8729,,sp|Q5VZV1|MT21C_HUMAN|window_32
Q5VZV1,27,AEKKGAPQ,4,0.8659,,sp|Q5VZV1|MT21C_HUMAN|window_26
Q5VZV1,22,GGWLEAEK,4,0.8654,,sp|Q5VZV1|MT21C_HUMAN|window_21
Q5VZV1,15,GEGLSSPG,4,0.8643,,sp|Q5VZV1|MT21C_HUMAN|window_14
Q5VZV1,14,RGEGLSSP,4,0.8579,,sp|Q5VZV1|MT21C_HUMAN|window_13
Q5VZV1,32,APQKDSTG,4,0.8577,,sp|Q5VZV1|MT21C_HUMAN|window_31
Q5VZV1,40,GVLEESNK,4,0.8549,,sp|Q5VZV1|MT21C_HUMAN|window_39
Q5VZV1,12,GRRGEGLS,4,0.8473,,sp|Q5VZV1|MT21C_HUMAN|window_11
Q5VZV1,41,VLEESNKI,4,0.8448,,sp|Q5VZV1|MT21C_HUMAN|window_40
Q5VZV1,35,KDSTGGVL,4,0.8442,,sp|Q5VZV1|MT21C_HUMAN|window_34
Q5VZV1,11,PGRRGEGL,4,0.844,,sp|Q5VZV1|MT21C_HUMAN|window_10
Q5VZV1,16,EGLSSPGG,4,0.8432,,sp|Q5VZV1|MT21C_HUMAN|window_15
Q5VZV1,18,LSSPGGWL,4,0.839,,sp|Q5VZV1|MT21C_HUMAN|window_17
Q5VZV1,31,GAPQKDST,4,0.8387,,sp|Q5VZV1|MT21C_HUMAN|window_30
Q5VZV1,21,PGGWLEAE,4,0.8352,,sp|Q5VZV1|MT21C_HUMAN|window_20
Q5VZV1,17,GLSSPGGW,4,0.8344,,sp|Q5VZV1|MT21C_HUMAN|window_16
Q5VZV1,28,EKKGAPQK,4,0.8315,,sp|Q5VZV1|MT21C_HUMAN|window_27
Q5VZV1,39,GGVLEESN,4,0.8238,,sp|Q5VZV1|MT21C_HUMAN|window_38
Q5VZV1,42,LEESNKIE,4,0.8236,,sp|Q5VZV1|MT21C_HUMAN|window_41
Q5VZV1,30,KGAPQKDS,4,0.8185,,sp|Q5VZV1|MT21C_HUMAN|window_29
Q5VZV1,9,QQPGRRGE,4,0.8139,,sp|Q5VZV1|MT21C_HUMAN|window_8
Q5VZV1,10,QPGRRGEG,4,0.8131,,sp|Q5VZV1|MT21C_HUMAN|window_9
Q5VZV1,34,QKDSTGGV,4,0.8087,,sp|Q5VZV1|MT21C_HUMAN|window_33
Q5VZV1,36,DSTGGVLE,4,0.8031,,sp|Q5VZV1|MT21C_HUMAN|window_35
Q5VZV1,20,SPGGWLEA,4,0.8024,,sp|Q5VZV1|MT21C_HUMAN|window_19
Q6YI46,19,AALPGLAE,4,0.9161,,sp|Q6YI46|TMM64_HUMAN|window_18
Q6YI46,20,ALPGLAEL,4,0.9045,,sp|Q6YI46|TMM64_HUMAN|window_19
Q6YI46,18,HAALPGLA,4,0.9005,,sp|Q6YI46|TMM64_HUMAN|window_17
Q6YI46,27,LPARWALP,4,0.8936,,sp|Q6YI46|TMM64_HUMAN|window_26
Q6YI46,99,VVVGVAEV,4,0.8907,,sp|Q6YI46|TMM64_HUMAN|window_98
Q6YI46,98,GVVVGVAE,4,0.8776,,sp|Q6YI46|TMM64_HUMAN|window_97
Q6YI46,17,QHAALPGL,4,0.8759,,sp|Q6YI46|TMM64_HUMAN|window_16
Q6YI46,14,RLLQHAAL,4,0.8753,,sp|Q6YI46|TMM64_HUMAN|window_13
Q6YI46,15,LLQHAALP,4,0.8716,,sp|Q6YI46|TMM64_HUMAN|window_14
Q6YI46,100,VVGVAEVR,4,0.8689,,sp|Q6YI46|TMM64_HUMAN|window_99
Q6YI46,97,GGVVVGVA,4,0.8616,,sp|Q6YI46|TMM64_HUMAN|window_96
Q6YI46,16,LQHAALPG,4,0.8581,,sp|Q6YI46|TMM64_HUMAN|window_15
Q6YI46,86,GALAGGPG,4,0.8581,,sp|Q6YI46|TMM64_HUMAN|window_85
Q6YI46,32,ALPRGAGG,4,0.858,,sp|Q6YI46|TMM64_HUMAN|window_31
Q6YI46,85,GGALAGGP,4,0.8577,,sp|Q6YI46|TMM64_HUMAN|window_84
Q6YI46,84,PGGALAGG,4,0.8529,,sp|Q6YI46|TMM64_HUMAN|window_83
Q6YI46,26,ELPARWAL,4,0.8495,,sp|Q6YI46|TMM64_HUMAN|window_25
Q6YI46,101,VGVAEVRN,4,0.8458,,sp|Q6YI46|TMM64_HUMAN|window_100
Q6YI46,28,PARWALPR,4,0.8436,,sp|Q6YI46|TMM64_HUMAN|window_27
Q6YI46,55,AAAAAAAS,4,0.8388,,sp|Q6YI46|TMM64_HUMAN|window_54
Q6YI46,21,LPGLAELP,4,0.835,,sp|Q6YI46|TMM64_HUMAN|window_20
Q6YI46,57,AAAAASGA,4,0.8308,,sp|Q6YI46|TMM64_HUMAN|window_56
Q6YI46,35,RGAGGDGP,4,0.8268,,sp|Q6YI46|TMM64_HUMAN|window_34
Q6YI46,67,GAYLERHG,4,0.8238,,sp|Q6YI46|TMM64_HUMAN|window_66
Q6YI46,34,PRGAGGDG,4,0.8212,,sp|Q6YI46|TMM64_HUMAN|window_33
Q6YI46,31,WALPRGAG,4,0.8198,,sp|Q6YI46|TMM64_HUMAN|window_30
Q6YI46,56,AAAAAASG,4,0.8197,,sp|Q6YI46|TMM64_HUMAN|window_55
Q6YI46,33,LPRGAGGD,4,0.8169,,sp|Q6YI46|TMM64_HUMAN|window_32
Q6YI46,129,LAALCFAS,4,0.8169,,sp|Q6YI46|TMM64_HUMAN|window_128
Q6YI46,58,AAAASGAL,4,0.8162,,sp|Q6YI46|TMM64_HUMAN|window_57
Q6YI46,96,GGGVVVGV,4,0.8161,,sp|Q6YI46|TMM64_HUMAN|window_95
Q6YI46,130,AALCFASL,4,0.8148,,sp|Q6YI46|TMM64_HUMAN|window_129
Q6YI46,40,DGPADRLP,4,0.8127,,sp|Q6YI46|TMM64_HUMAN|window_39
Q6YI46,30,RWALPRGA,4,0.8124,,sp|Q6YI46|TMM64_HUMAN|window_29
Q6YI46,29,ARWALPRG,4,0.8107,,sp|Q6YI46|TMM64_HUMAN|window_28
Q6YI46,87,ALAGGPGS,4,0.8094,,sp|Q6YI46|TMM64_HUMAN|window_86
Q6YI46,22,PGLAELPA,4,0.8068,,sp|Q6YI46|TMM64_HUMAN|window_21
Q6YI46,75,PPEASELP,4,0.8068,,sp|Q6YI46|TMM64_HUMAN|window_74
Q6YI46,54,AAAAAAAA,4,0.8032,,sp|Q6YI46|TMM64_HUMAN|window_53
Q6YI46,76,PEASELPE,4,0.8009,,sp|Q6YI46|TMM64_HUMAN|window_75
Q8N690,35,CRASCKKN,4,0.8852,,sp|Q8N690|DB119_HUMAN|window_34
Q8N690,63,ISISGKEE,4,0.8811,,sp|Q8N690|DB119_HUMAN|window_62
Q8N690,34,ICRASCKK,4,0.8796,,sp|Q8N690|DB119_HUMAN|window_33
Q8N690,10,ILLAIEEP,4,0.8785,,sp|Q8N690|DB119_HUMAN|window_9
Q8N690,62,RISISGKE,4,0.8784,,sp|Q8N690|DB119_HUMAN|window_61
Q8N690,9,AILLAIEE,4,0.8692,,sp|Q8N690|DB119_HUMAN|window_8
Q8N690,61,MRISISGK,4,0.8645,,sp|Q8N690|DB119_HUMAN|window_60
Q8N690,8,LAILLAIE,4,0.8601,,sp|Q8N690|DB119_HUMAN|window_7
Q8N690,60,YMRISISG,4,0.8519,,sp|Q8N690|DB119_HUMAN|window_59
Q8N690,7,FLAILLAI,4,0.8488,,sp|Q8N690|DB119_HUMAN|window_6
Q8N690,11,LLAIEEPV,4,0.8404,,sp|Q8N690|DB119_HUMAN|window_10
Q8N690,59,SYMRISIS,4,0.8303,,sp|Q8N690|DB119_HUMAN|window_58
Q8N690,64,SISGKEEN,4,0.8089,,sp|Q8N690|DB119_HUMAN|window_63
Q8N690,33,GICRASCK,4,0.805,,sp|Q8N690|DB119_HUMAN|window_32
Q9NT22,515,VSLETSCT,4,0.8747,,sp|Q9NT22|EMIL3_HUMAN|window_514
Q9NT22,222,VPVGFGVI,4,0.8683,,sp|Q9NT22|EMIL3_HUMAN|window_221
Q9NT22,228,VIPEGLVG,4,0.8679,,sp|Q9NT22|EMIL3_HUMAN|window_227
Q9NT22,420,LTRLSAAM,4,0.8598,,sp|Q9NT22|EMIL3_HUMAN|window_419
Q9NT22,229,IPEGLVGP,4,0.8577,,sp|Q9NT22|EMIL3_HUMAN|window_228
Q9NT22,221,AVPVGFGV,4,0.8546,,sp|Q9NT22|EMIL3_HUMAN|window_220
Q9NT22,224,VGFGVIPE,4,0.8496,,sp|Q9NT22|EMIL3_HUMAN|window_223
Q9NT22,516,SLETSCTP,4,0.8481,,sp|Q9NT22|EMIL3_HUMAN|window_515
Q9NT22,421,TRLSAAML,4,0.848,,sp|Q9NT22|EMIL3_HUMAN|window_420
Q9NT22,452,CCLRLDMG,4,0.8473,,sp|Q9NT22|EMIL3_HUMAN|window_451
Q9NT22,453,CLRLDMGG,4,0.8464,,sp|Q9NT22|EMIL3_HUMAN|window_452
Q9NT22,423,LSAAMLEG,4,0.8454,,sp|Q9NT22|EMIL3_HUMAN|window_422
Q9NT22,454,LRLDMGGW,4,0.8424,,sp|Q9NT22|EMIL3_HUMAN|window_453
Q9NT22,226,FGVIPEGL,4,0.841,,sp|Q9NT22|EMIL3_HUMAN|window_225
Q9NT22,282,HLQRLREA,4,0.8381,,sp|Q9NT22|EMIL3_HUMAN|window_281
Q9NT22,25,TPLLARPA,4,0.8373,,sp|Q9NT22|EMIL3_HUMAN|window_24
Q9NT22,227,GVIPEGLV,4,0.837,,sp|Q9NT22|EMIL3_HUMAN|window_226
Q9NT22,223,PVGFGVIP,4,0.8367,,sp|Q9NT22|EMIL3_HUMAN|window_222
Q9NT22,422,RLSAAMLE,4,0.8348,,sp|Q9NT22|EMIL3_HUMAN|window_421
Q9NT22,514,LVSLETSC,4,0.834,,sp|Q9NT22|EMIL3_HUMAN|window_513
Q9NT22,283,LQRLREAP,4,0.8317,,sp|Q9NT22|EMIL3_HUMAN|window_282
Q9NT22,293,PLTSLALL,4,0.8278,,sp|Q9NT22|EMIL3_HUMAN|window_292
Q9NT22,419,ELTRLSAA,4,0.8251,,sp|Q9NT22|EMIL3_HUMAN|window_418
Q9NT22,151,SGQLDPGP,4,0.823,,sp|Q9NT22|EMIL3_HUMAN|window_150
Q9NT22,517,LETSCTPS,4,0.8204,,sp|Q9NT22|EMIL3_HUMAN|window_516
Q9NT22,24,GTPLLARP,4,0.8177,,sp|Q9NT22|EMIL3_HUMAN|window_23
Q9NT22,148,QIPSGQLD,4,0.8173,,sp|Q9NT22|EMIL3_HUMAN|window_147
Q9NT22,225,GFGVIPEG,4,0.8169,,sp|Q9NT22|EMIL3_HUMAN|window_224
Q9NT22,281,AHLQRLRE,4,0.8136,,sp|Q9NT22|EMIL3_HUMAN|window_280
Q9NT22,438,GLETLNGT,4,0.8126,,sp|Q9NT22|EMIL3_HUMAN|window_437
Q9NT22,152,GQLDPGPR,4,0.8112,,sp|Q9NT22|EMIL3_HUMAN|window_151
Q9NT22,150,PSGQLDPG,4,0.8102,,sp|Q9NT22|EMIL3_HUMAN|window_149
Q9NT22,26,PLLARPAP,4,0.8091,,sp|Q9NT22|EMIL3_HUMAN|window_25
Q9NT22,295,TSLALLEE,4,0.8072,,sp|Q9NT22|EMIL3_HUMAN|window_294
Q9NT22,202,GLVASHED,4,0.8072,,sp|Q9NT22|EMIL3_HUMAN|window_201
Q9NT22,230,PEGLVGPG,4,0.8066,,sp|Q9NT22|EMIL3_HUMAN|window_229
Q9NT22,440,ETLNGTEG,4,0.8059,,sp|Q9NT22|EMIL3_HUMAN|window_439
Q9NT22,220,PAVPVGFG,4,0.8051,,sp|Q9NT22|EMIL3_HUMAN|window_219
Q9NT22,451,GCCLRLDM,4,0.805,,sp|Q9NT22|EMIL3_HUMAN|window_450
Q9NT22,219,APAVPVGF,4,0.805,,sp|Q9NT22|EMIL3_HUMAN|window_218
Q9NT22,153,QLDPGPRP,4,0.8049,,sp|Q9NT22|EMIL3_HUMAN|window_152
Q9NT22,204,VASHEDPN,4,0.8048,,sp|Q9NT22|EMIL3_HUMAN|window_203
Q9NT22,162,SYSRAAPS,4,0.8022,,sp|Q9NT22|EMIL3_HUMAN|window_161
Q9NT22,292,SPLTSLAL,4,0.8021,,sp|Q9NT22|EMIL3_HUMAN|window_291
Q9NT22,512,QRLVSLET,4,0.801,,sp|Q9NT22|EMIL3_HUMAN|window_511
Q9NT22,437,EGLETLNG,4,0.8007,,sp|Q9NT22|EMIL3_HUMAN|window_436
Q9UJA9,12,LAALSLST,4,0.8974,,sp|Q9UJA9|ENPP5_HUMAN|window_11
Q9UJA9,11,ILAALSLS,4,0.8911,,sp|Q9UJA9|ENPP5_HUMAN|window_10
Q9UJA9,13,AALSLSTT,4,0.8722,,sp|Q9UJA9|ENPP5_HUMAN|window_12
Q9UJA9,10,FILAALSL,4,0.872,,sp|Q9UJA9|ENPP5_HUMAN|window_9
Q9UJA9,14,ALSLSTTF,4,0.8569,,sp|Q9UJA9|ENPP5_HUMAN|window_13
Q9UJA9,9,SFILAALS,4,0.8548,,sp|Q9UJA9|ENPP5_HUMAN|window_8
Q9UJA9,232,NLIITSDH,4,0.8381,,sp|Q9UJA9|ENPP5_HUMAN|window_231
Q9UJA9,231,LNLIITSD,4,0.8177,,sp|Q9UJA9|ENPP5_HUMAN|window_230
Q9UJA9,233,LIITSDHG,4,0.8173,,sp|Q9UJA9|ENPP5_HUMAN|window_232
Q9UJA9,8,VSFILAAL,4,0.8143,,sp|Q9UJA9|ENPP5_HUMAN|window_7
Q9UJA9,412,STILLPGS,4,0.8116,,sp|Q9UJA9|ENPP5_HUMAN|window_411
Q9UJA9,30,VLLVSFDG,4,0.8038,,sp|Q9UJA9|ENPP5_HUMAN|window_29
P43364,35,TMFSEDDF,4,0.9277,,sp|P43364|MAGAB_HUMAN|window_34
P43364,314,LLIIVLGV,4,0.9211,,sp|P43364|MAGAB_HUMAN|window_313
P43364,36,MFSEDDFQ,4,0.9183,,sp|P43364|MAGAB_HUMAN|window_35
P43364,31,LQVSTMFS,4,0.9179,,sp|P43364|MAGAB_HUMAN|window_30
P43364,34,STMFSEDD,4,0.9145,,sp|P43364|MAGAB_HUMAN|window_33
P43364,162,ELPAAESP,4,0.9095,,sp|P43364|MAGAB_HUMAN|window_161
P43364,33,VSTMFSED,4,0.9088,,sp|P43364|MAGAB_HUMAN|window_32
P43364,65,VFREQANL,4,0.9029,,sp|P43364|MAGAB_HUMAN|window_64
P43364,126,LQAQEEDL,4,0.9022,,sp|P43364|MAGAB_HUMAN|window_125
P43364,32,QVSTMFSE,4,0.8981,,sp|P43364|MAGAB_HUMAN|window_31
P43364,160,LEELPAAE,4,0.8958,,sp|P43364|MAGAB_HUMAN|window_159
P43364,63,VQVFREQA,4,0.8938,,sp|P43364|MAGAB_HUMAN|window_62
P43364,64,QVFREQAN,4,0.8921,,sp|P43364|MAGAB_HUMAN|window_63
P43364,106,LTRVIMPL,4,0.8916,,sp|P43364|MAGAB_HUMAN|window_105
P43364,163,LPAAESPS,4,0.8905,,sp|P43364|MAGAB_HUMAN|window_162
P43364,30,GLQVSTMF,4,0.8899,,sp|P43364|MAGAB_HUMAN|window_29
P43364,315,LIIVLGVI,4,0.8897,,sp|P43364|MAGAB_HUMAN|window_314
P43364,104,ADLTRVIM,4,0.8881,,sp|P43364|MAGAB_HUMAN|window_103
P43364,37,FSEDDFQS,4,0.887,,sp|P43364|MAGAB_HUMAN|window_36
P43364,105,DLTRVIMP,4,0.8844,,sp|P43364|MAGAB_HUMAN|window_104
P43364,316,IIVLGVIF,4,0.8816,,sp|P43364|MAGAB_HUMAN|window_315
P43364,185,MDAIFGSL,4,0.8808,,sp|P43364|MAGAB_HUMAN|window_184
P43364,110,IMPLEQRS,4,0.8803,,sp|P43364|MAGAB_HUMAN|window_109
P43364,156,NVGTLEEL,4,0.8798,,sp|P43364|MAGAB_HUMAN|window_155
P43364,125,GLQAQEED,4,0.8789,,sp|P43364|MAGAB_HUMAN|window_124
P43364,29,FGLQVSTM,4,0.8779,,sp|P43364|MAGAB_HUMAN|window_28
P43364,187,AIFGSLSD,4,0.8767,,sp|P43364|MAGAB_HUMAN|window_186
P43364,102,RPADLTRV,4,0.8755,,sp|P43364|MAGAB_HUMAN|window_101
P43364,108,RVIMPLEQ,4,0.8748,,sp|P43364|MAGAB_HUMAN|window_107
P43364,148,AAFFSSTL,4,0.8733,,sp|P43364|MAGAB_HUMAN|window_147
P43364,313,GLLIIVLG,4,0.8733,,sp|P43364|MAGAB_HUMAN|window_312
P43364,103,PADLTRVI,4,0.8727,,sp|P43364|MAGAB_HUMAN|window_102
P43364,186,DAIFGSLS,4,0.8719,,sp|P43364|MAGAB_HUMAN|window_185
P43364,164,PAAESPSP,4,0.8716,,sp|P43364|MAGAB_HUMAN|window_163
P43364,107,TRVIMPLE,4,0.8706,,sp|P43364|MAGAB_HUMAN|window_106
P43364,161,EELPAAES,4,0.8687,,sp|P43364|MAGAB_HUMAN|window_160
P43364,109,VIMPLEQR,4,0.8684,,sp|P43364|MAGAB_HUMAN|window_108
P43364,124,EGLQAQEE,4,0.8676,,sp|P43364|MAGAB_HUMAN|window_123
P43364,123,EEGLQAQE,4,0.8667,,sp|P43364|MAGAB_HUMAN|window_122
P43364,157,VGTLEELP,4,0.8664,,sp|P43364|MAGAB_HUMAN|window_156
P43364,189,FGSLSDEG,4,0.8642,,sp|P43364|MAGAB_HUMAN|window_188
P43364,188,IFGSLSDE,4,0.8613,,sp|P43364|MAGAB_HUMAN|window_187
P43364,149,AFFSSTLN,4,0.8612,,sp|P43364|MAGAB_HUMAN|window_148
P43364,147,EAAFFSST,4,0.8605,,sp|P43364|MAGAB_HUMAN|window_146
P43364,66,FREQANLE,4,0.8603,,sp|P43364|MAGAB_HUMAN|window_65
P43364,154,TLNVGTLE,4,0.8599,,sp|P43364|MAGAB_HUMAN|window_153
P43364,62,RVQVFREQ,4,0.8579,,sp|P43364|MAGAB_HUMAN|window_61
P43364,113,LEQRSQHC,4,0.8576,,sp|P43364|MAGAB_HUMAN|window_112
P43364,97,IFPTVRPA,4,0.8573,,sp|P43364|MAGAB_HUMAN|window_96
P43364,159,TLEELPAA,4,0.8568,,sp|P43364|MAGAB_HUMAN|window_158
P43364,150,FFSSTLNV,4,0.8566,,sp|P43364|MAGAB_HUMAN|window_149
P43364,153,STLNVGTL,4,0.8555,,sp|P43364|MAGAB_HUMAN|window_152
P43364,67,REQANLED,4,0.8539,,sp|P43364|MAGAB_HUMAN|window_66
P43364,155,LNVGTLEE,4,0.8519,,sp|P43364|MAGAB_HUMAN|window_154
P43364,151,FSSTLNVG,4,0.8512,,sp|P43364|MAGAB_HUMAN|window_150
P43364,54,LQWSQDLP,4,0.8511,,sp|P43364|MAGAB_HUMAN|window_53
P43364,146,QEAAFFSS,4,0.8504,,sp|P43364|MAGAB_HUMAN|window_145
P43364,184,AMDAIFGS,4,0.8437,,sp|P43364|MAGAB_HUMAN|window_183
P43364,312,SGLLIIVL,4,0.8434,,sp|P43364|MAGAB_HUMAN|window_311
P43364,128,AQEEDLGL,4,0.8428,,sp|P43364|MAGAB_HUMAN|window_127
P43364,152,SSTLNVGT,4,0.8426,,sp|P43364|MAGAB_HUMAN|window_151
P43364,111,MPLEQRSQ,4,0.8425,,sp|P43364|MAGAB_HUMAN|window_110
P43364,114,EQRSQHCK,4,0.8409,,sp|P43364|MAGAB_HUMAN|window_113
P43364,68,EQANLEDR,4,0.8403,,sp|P43364|MAGAB_HUMAN|window_67
P43364,89,VLWGPITQ,4,0.8396,,sp|P43364|MAGAB_HUMAN|window_88
P43364,17,IKRKKKRE,4,0.8379,,sp|P43364|MAGAB_HUMAN|window_16
P43364,61,PRVQVFRE,4,0.8368,,sp|P43364|MAGAB_HUMAN|window_60
P43364,158,GTLEELPA,4,0.8356,,sp|P43364|MAGAB_HUMAN|window_157
P43364,88,QVLWGPIT,4,0.8342,,sp|P43364|MAGAB_HUMAN|window_87
P43364,127,QAQEEDLG,4,0.8335,,sp|P43364|MAGAB_HUMAN|window_126
P43364,101,VRPADLTR,4,0.8318,,sp|P43364|MAGAB_HUMAN|window_100
P43364,69,QANLEDRS,4,0.8297,,sp|P43364|MAGAB_HUMAN|window_68
P43364,38,SEDDFQST,4,0.8258,,sp|P43364|MAGAB_HUMAN|window_37
P43364,145,EQEAAFFS,4,0.8217,,sp|P43364|MAGAB_HUMAN|window_144
P43364,129,QEEDLGLV,4,0.8209,,sp|P43364|MAGAB_HUMAN|window_128
P43364,190,GSLSDEGS,4,0.8198,,sp|P43364|MAGAB_HUMAN|window_189
P43364,40,DDFQSTER,4,0.8194,,sp|P43364|MAGAB_HUMAN|window_39
P43364,53,QLQWSQDL,4,0.8191,,sp|P43364|MAGAB_HUMAN|window_52
P43364,16,SIKRKKKR,4,0.8179,,sp|P43364|MAGAB_HUMAN|window_15
P43364,95,TQIFPTVR,4,0.8168,,sp|P43364|MAGAB_HUMAN|window_94
P43364,41,DFQSTERA,4,0.8147,,sp|P43364|MAGAB_HUMAN|window_40
P43364,130,EEDLGLVG,4,0.8133,,sp|P43364|MAGAB_HUMAN|window_129
P43364,18,KRKKKRED,4,0.8122,,sp|P43364|MAGAB_HUMAN|window_17
P43364,112,PLEQRSQH,4,0.8113,,sp|P43364|MAGAB_HUMAN|window_111
P43364,94,ITQIFPTV,4,0.8106,,sp|P43364|MAGAB_HUMAN|window_93
P43364,87,EQVLWGPI,4,0.8097,,sp|P43364|MAGAB_HUMAN|window_86
P43364,100,TVRPADLT,4,0.8096,,sp|P43364|MAGAB_HUMAN|window_99
P43364,191,SLSDEGSG,4,0.8093,,sp|P43364|MAGAB_HUMAN|window_190
P43364,122,PEEGLQAQ,4,0.8084,,sp|P43364|MAGAB_HUMAN|window_121
P43364,93,PITQIFPT,4,0.808,,sp|P43364|MAGAB_HUMAN|window_92
P43364,90,LWGPITQI,4,0.806,,sp|P43364|MAGAB_HUMAN|window_89
P43364,96,QIFPTVRP,4,0.8051,,sp|P43364|MAGAB_HUMAN|window_95
P43364,165,AAESPSPP,4,0.8043,,sp|P43364|MAGAB_HUMAN|window_164
P43364,42,FQSTERAP,4,0.8042,,sp|P43364|MAGAB_HUMAN|window_41
P43364,115,QRSQHCKP,4,0.803,,sp|P43364|MAGAB_HUMAN|window_114
P43364,60,LPRVQVFR,4,0.8024,,sp|P43364|MAGAB_HUMAN|window_59
P43364,133,LGLVGAQA,4,0.8001,,sp|P43364|MAGAB_HUMAN|window_132
Q15293,18,LALVLAPR,4,0.8534,,sp|Q15293|RCN1_HUMAN|window_17
Q15293,17,LLALVLAP,4,0.8387,,sp|Q15293|RCN1_HUMAN|window_16
Q15293,59,DHEAFLGK,4,0.8366,,sp|Q15293|RCN1_HUMAN|window_58
Q15293,19,ALVLAPRV,4,0.8362,,sp|Q15293|RCN1_HUMAN|window_18
Q15293,16,LLLALVLA,4,0.8358,,sp|Q15293|RCN1_HUMAN|window_15
Q15293,61,EAFLGKED,4,0.8321,,sp|Q15293|RCN1_HUMAN|window_60
Q15293,15,GLLLALVL,4,0.832,,sp|Q15293|RCN1_HUMAN|window_14
Q15293,60,HEAFLGKE,4,0.8281,,sp|Q15293|RCN1_HUMAN|window_59
Q15293,10,LGLALGLL,4,0.8171,,sp|Q15293|RCN1_HUMAN|window_9
Q15293,63,FLGKEDSK,4,0.8138,,sp|Q15293|RCN1_HUMAN|window_62
Q15293,11,GLALGLLL,4,0.8034,,sp|Q15293|RCN1_HUMAN|window_10
Q9ULZ0,21,LRPTAGSG,4,0.9486,,sp|Q9ULZ0|T53G3_HUMAN|window_20
Q9ULZ0,19,SALRPTAG,4,0.9473,,sp|Q9ULZ0|T53G3_HUMAN|window_18
Q9ULZ0,20,ALRPTAGS,4,0.9372,,sp|Q9ULZ0|T53G3_HUMAN|window_19
Q9ULZ0,18,PSALRPTA,4,0.9333,,sp|Q9ULZ0|T53G3_HUMAN|window_17
Q9ULZ0,17,RPSALRPT,4,0.9154,,sp|Q9ULZ0|T53G3_HUMAN|window_16
Q9ULZ0,1,MRASPCIS,4,0.9049,,sp|Q9ULZ0|T53G3_HUMAN|window_0
Q9ULZ0,3,ASPCISQP,4,0.9044,,sp|Q9ULZ0|T53G3_HUMAN|window_2
Q9ULZ0,2,RASPCISQ,4,0.8984,,sp|Q9ULZ0|T53G3_HUMAN|window_1
Q9ULZ0,22,RPTAGSGP,4,0.8952,,sp|Q9ULZ0|T53G3_HUMAN|window_21
Q9ULZ0,23,PTAGSGPD,4,0.8929,,sp|Q9ULZ0|T53G3_HUMAN|window_22
Q9ULZ0,14,WHPRPSAL,4,0.8755,,sp|Q9ULZ0|T53G3_HUMAN|window_13
Q9ULZ0,16,PRPSALRP,4,0.8738,,sp|Q9ULZ0|T53G3_HUMAN|window_15
Q9ULZ0,24,TAGSGPDT,4,0.8678,,sp|Q9ULZ0|T53G3_HUMAN|window_23
Q9ULZ0,112,LTASAAGL,4,0.8501,,sp|Q9ULZ0|T53G3_HUMAN|window_111
Q9ULZ0,15,HPRPSALR,4,0.8498,,sp|Q9ULZ0|T53G3_HUMAN|window_14
Q9ULZ0,25,AGSGPDTR,4,0.8439,,sp|Q9ULZ0|T53G3_HUMAN|window_24
Q9ULZ0,8,SQPAASWH,4,0.8411,,sp|Q9ULZ0|T53G3_HUMAN|window_7
Q9ULZ0,26,GSGPDTRT,4,0.8407,,sp|Q9ULZ0|T53G3_HUMAN|window_25
Q9ULZ0,12,ASWHPRPS,4,0.8399,,sp|Q9ULZ0|T53G3_HUMAN|window_11
Q9ULZ0,27,SGPDTRTP,4,0.8315,,sp|Q9ULZ0|T53G3_HUMAN|window_26
Q9ULZ0,11,AASWHPRP,4,0.8312,,sp|Q9ULZ0|T53G3_HUMAN|window_10
Q9ULZ0,9,QPAASWHP,4,0.8307,,sp|Q9ULZ0|T53G3_HUMAN|window_8
Q9ULZ0,10,PAASWHPR,4,0.8285,,sp|Q9ULZ0|T53G3_HUMAN|window_9
Q9ULZ0,13,SWHPRPSA,4,0.8253,,sp|Q9ULZ0|T53G3_HUMAN|window_12
Q9ULZ0,7,ISQPAASW,4,0.8247,,sp|Q9ULZ0|T53G3_HUMAN|window_6
Q9ULZ0,4,SPCISQPA,4,0.823,,sp|Q9ULZ0|T53G3_HUMAN|window_3
O95925,39,ECEFQERD,4,0.9472,,sp|O95925|EPPI_HUMAN|window_38
O95925,13,FVLLANVQ,4,0.9432,,sp|O95925|EPPI_HUMAN|window_12
O95925,14,VLLANVQG,4,0.938,,sp|O95925|EPPI_HUMAN|window_13
O95925,38,EECEFQER,4,0.9314,,sp|O95925|EPPI_HUMAN|window_37
O95925,37,REECEFQE,4,0.9235,,sp|O95925|EPPI_HUMAN|window_36
O95925,12,LFVLLANV,4,0.9189,,sp|O95925|EPPI_HUMAN|window_11
O95925,11,VLFVLLAN,4,0.9141,,sp|O95925|EPPI_HUMAN|window_10
O95925,36,IREECEFQ,4,0.9137,,sp|O95925|EPPI_HUMAN|window_35
O95925,15,LLANVQGP,4,0.9115,,sp|O95925|EPPI_HUMAN|window_14
O95925,35,KIREECEF,4,0.9087,,sp|O95925|EPPI_HUMAN|window_34
O95925,40,CEFQERDV,4,0.8987,,sp|O95925|EPPI_HUMAN|window_39
O95925,34,PKIREECE,4,0.8958,,sp|O95925|EPPI_HUMAN|window_33
O95925,10,LVLFVLLA,4,0.8862,,sp|O95925|EPPI_HUMAN|window_9
O95925,84,GPCLAYFL,4,0.8799,,sp|O95925|EPPI_HUMAN|window_83
O95925,41,EFQERDVC,4,0.8648,,sp|O95925|EPPI_HUMAN|window_40
O95925,9,LLVLFVLL,4,0.8634,,sp|O95925|EPPI_HUMAN|window_8
O95925,85,PCLAYFLH,4,0.8599,,sp|O95925|EPPI_HUMAN|window_84
O95925,8,SLLVLFVL,4,0.8287,,sp|O95925|EPPI_HUMAN|window_7
O95925,86,CLAYFLHW,4,0.8279,,sp|O95925|EPPI_HUMAN|window_85
O95925,33,CPKIREEC,4,0.8271,,sp|O95925|EPPI_HUMAN|window_32
O95925,83,TGPCLAYF,4,0.8225,,sp|O95925|EPPI_HUMAN|window_82
O95925,16,LANVQGPG,4,0.8219,,sp|O95925|EPPI_HUMAN|window_15
O95925,7,LSLLVLFV,4,0.8117,,sp|O95925|EPPI_HUMAN|window_6
P09629,31,SCAFASNP,4,0.9283,,sp|P09629|HXB7_HUMAN|window_30
P09629,20,VFATGAFP,4,0.9274,,sp|P09629|HXB7_HUMAN|window_19
P09629,32,CAFASNPQ,4,0.9265,,sp|P09629|HXB7_HUMAN|window_31
P09629,30,TSCAFASN,4,0.9236,,sp|P09629|HXB7_HUMAN|window_29
P09629,21,FATGAFPE,4,0.9219,,sp|P09629|HXB7_HUMAN|window_20
P09629,18,SSVFATGA,4,0.9208,,sp|P09629|HXB7_HUMAN|window_17
P09629,19,SVFATGAF,4,0.9199,,sp|P09629|HXB7_HUMAN|window_18
P09629,34,FASNPQRP,4,0.9132,,sp|P09629|HXB7_HUMAN|window_33
P09629,73,VYAAGYGL,4,0.9089,,sp|P09629|HXB7_HUMAN|window_72
P09629,33,AFASNPQR,4,0.9086,,sp|P09629|HXB7_HUMAN|window_32
P09629,29,QTSCAFAS,4,0.9017,,sp|P09629|HXB7_HUMAN|window_28
P09629,71,AGVYAAGY,4,0.9014,,sp|P09629|HXB7_HUMAN|window_70
P09629,72,GVYAAGYG,4,0.8971,,sp|P09629|HXB7_HUMAN|window_71
P09629,52,AASMQGLY,4,0.8929,,sp|P09629|HXB7_HUMAN|window_51
P09629,74,YAAGYGLE,4,0.8902,,sp|P09629|HXB7_HUMAN|window_73
P09629,22,ATGAFPEQ,4,0.8882,,sp|P09629|HXB7_HUMAN|window_21
P09629,25,AFPEQTSC,4,0.8821,,sp|P09629|HXB7_HUMAN|window_24
P09629,116,SDLAAESN,4,0.8801,,sp|P09629|HXB7_HUMAN|window_115
P09629,51,FAASMQGL,4,0.8787,,sp|P09629|HXB7_HUMAN|window_50
P09629,17,SSSVFATG,4,0.8743,,sp|P09629|HXB7_HUMAN|window_16
P09629,53,ASMQGLYP,4,0.8724,,sp|P09629|HXB7_HUMAN|window_52
P09629,13,KYPASSSV,4,0.8713,,sp|P09629|HXB7_HUMAN|window_12
P09629,54,SMQGLYPG,4,0.8688,,sp|P09629|HXB7_HUMAN|window_53
P09629,70,AAGVYAAG,4,0.8683,,sp|P09629|HXB7_HUMAN|window_69
P09629,115,DSDLAAES,4,0.8682,,sp|P09629|HXB7_HUMAN|window_114
P09629,117,DLAAESNF,4,0.8646,,sp|P09629|HXB7_HUMAN|window_116
P09629,55,MQGLYPGG,4,0.8625,,sp|P09629|HXB7_HUMAN|window_54
P09629,75,AAGYGLEP,4,0.8573,,sp|P09629|HXB7_HUMAN|window_74
P09629,56,QGLYPGGG,4,0.8538,,sp|P09629|HXB7_HUMAN|window_55
P09629,14,YPASSSVF,4,0.8533,,sp|P09629|HXB7_HUMAN|window_13
P09629,28,EQTSCAFA,4,0.8529,,sp|P09629|HXB7_HUMAN|window_27
P09629,85,FNMHCAPF,4,0.8523,,sp|P09629|HXB7_HUMAN|window_84
P09629,35,ASNPQRPG,4,0.8514,,sp|P09629|HXB7_HUMAN|window_34
P09629,27,PEQTSCAF,4,0.847,,sp|P09629|HXB7_HUMAN|window_26
P09629,36,SNPQRPGY,4,0.8436,,sp|P09629|HXB7_HUMAN|window_35
P09629,114,RDSDLAAE,4,0.8418,,sp|P09629|HXB7_HUMAN|window_113
P09629,10,LFSKYPAS,4,0.8392,,sp|P09629|HXB7_HUMAN|window_9
P09629,92,FEQNLSGV,4,0.8375,,sp|P09629|HXB7_HUMAN|window_91
P09629,26,FPEQTSCA,4,0.8359,,sp|P09629|HXB7_HUMAN|window_25
P09629,58,LYPGGGGM,4,0.8358,,sp|P09629|HXB7_HUMAN|window_57
P09629,16,ASSSVFAT,4,0.8355,,sp|P09629|HXB7_HUMAN|window_15
P09629,50,SFAASMQG,4,0.8333,,sp|P09629|HXB7_HUMAN|window_49
P09629,113,QRDSDLAA,4,0.8295,,sp|P09629|HXB7_HUMAN|window_112
P09629,49,ASFAASMQ,4,0.8294,,sp|P09629|HXB7_HUMAN|window_48
P09629,96,LSGVCPGD,4,0.8274,,sp|P09629|HXB7_HUMAN|window_95
P09629,95,NLSGVCPG,4,0.8253,,sp|P09629|HXB7_HUMAN|window_94
P09629,57,GLYPGGGG,4,0.8238,,sp|P09629|HXB7_HUMAN|window_56
P09629,118,LAAESNFR,4,0.8222,,sp|P09629|HXB7_HUMAN|window_117
P09629,42,GYGAGSGA,4,0.8196,,sp|P09629|HXB7_HUMAN|window_41
P09629,69,SAAGVYAA,4,0.8179,,sp|P09629|HXB7_HUMAN|window_68
P09629,82,PSSFNMHC,4,0.8172,,sp|P09629|HXB7_HUMAN|window_81
P09629,11,FSKYPASS,4,0.8168,,sp|P09629|HXB7_HUMAN|window_10
P09629,84,SFNMHCAP,4,0.8157,,sp|P09629|HXB7_HUMAN|window_83
P09629,91,PFEQNLSG,4,0.8155,,sp|P09629|HXB7_HUMAN|window_90
P09629,23,TGAFPEQT,4,0.8148,,sp|P09629|HXB7_HUMAN|window_22
P09629,15,PASSSVFA,4,0.8143,,sp|P09629|HXB7_HUMAN|window_14
P09629,5,YYANTLFS,4,0.8138,,sp|P09629|HXB7_HUMAN|window_4
P09629,105,AKAAGAKE,4,0.8099,,sp|P09629|HXB7_HUMAN|window_104
P09629,9,TLFSKYPA,4,0.8098,,sp|P09629|HXB7_HUMAN|window_8
P09629,24,GAFPEQTS,4,0.8095,,sp|P09629|HXB7_HUMAN|window_23
P09629,83,SSFNMHCA,4,0.8078,,sp|P09629|HXB7_HUMAN|window_82
P09629,80,LEPSSFNM,4,0.8073,,sp|P09629|HXB7_HUMAN|window_79
P09629,39,QRPGYGAG,4,0.8063,,sp|P09629|HXB7_HUMAN|window_38
P09629,112,EQRDSDLA,4,0.802,,sp|P09629|HXB7_HUMAN|window_111
P09629,106,KAAGAKEQ,4,0.8007,,sp|P09629|HXB7_HUMAN|window_105
